Status Conciliação	Data Crédito	Administradora	Estabelecimento	Parcela	Valor Bruto	Valor Desconto	Valor Desconto Antecipado	Valor Pago	Status Pagamento	Bandeira	Data Resumo	Nº Resumo	Produto	Banco	Agência	Conta	Ident. Transação	Ponto de Venda	Tipo de Venda	Forma de Pagamento	Status Conc. Bancaria	Taxa (%)	Total de Parcelas	CNPJ
Conciliado Automático	2025-01-03	Sodexo	ROLDÃO ATIBAIA	1	250	7,2	0	240,22	Pago	Sodexo Gift Pass	2025-01-02	745717	Sodexo gift pass	Banco Santander	2271	13004406		1634305	Voucher à Vista	Antecipado	Não Conciliado	2,88	1	05.800.256/0018-45
Conciliado Automático	2025-01-03	Sodexo	ROLDÃO ATIBAIA	1	109,71	3,16	0	105,42	Pago	Sodexo Gift Pass	2025-01-02	745713	Sodexo gift pass	Banco Santander	2271	13004406		1634305	Voucher à Vista	Antecipado	Não Conciliado	2,88	1	05.800.256/0018-45
Conciliado Automático	2025-01-03	Sodexo	ROLDÃO ATIBAIA	1	22,13	0,64	0	21,26	Pago	Sodexo Gift Pass	2025-01-02	448528	Sodexo gift pass	Banco Santander	2271	13004406		1634305	Voucher à Vista	Antecipado	Não Conciliado	2,89	1	05.800.256/0018-45
Conciliado Automático	2025-01-03	Sodexo	ROLDÃO ATIBAIA	1	115,18	3,31	0	110,68	Pago	Sodexo Gift Pass	2024-12-31	745698	Sodexo gift pass	Banco Santander	2271	13004406		1634305	Voucher à Vista	Antecipado	Não Conciliado	2,87	1	05.800.256/0018-45
Conciliado Automático	2025-01-03	Sodexo	ROLDÃO ATIBAIA	1	105,11	3,03	0	101	Pago	Sodexo Gift Pass	2024-12-31	745704	Sodexo gift pass	Banco Santander	2271	13004406		1634305	Voucher à Vista	Antecipado	Não Conciliado	2,88	1	05.800.256/0018-45
Conciliado Automático	2025-01-03	Sodexo	ROLDÃO ATIBAIA	1	238,3	6,87	0	228,98	Pago	Sodexo Gift Pass	2024-12-30	448499	Sodexo gift pass	Banco Santander	2271	13004406		1634305	Voucher à Vista	Antecipado	Não Conciliado	2,88	1	05.800.256/0018-45
Conciliado Automático	2025-01-03	Sodexo	ROLDÃO ATIBAIA	1	100	2,88	0	96,09	Pago	Sodexo Gift Pass	2024-12-30	448489	Sodexo gift pass	Banco Santander	2271	13004406		1634305	Voucher à Vista	Antecipado	Não Conciliado	2,88	1	05.800.256/0018-45
Conciliado Automático	2025-01-03	Sodexo	ROLDÃO ATIBAIA	1	90	2,59	0	86,48	Pago	Sodexo Gift Pass	2024-12-30	448500	Sodexo gift pass	Banco Santander	2271	13004406		1634305	Voucher à Vista	Antecipado	Não Conciliado	2,88	1	05.800.256/0018-45
Conciliado Automático	2025-01-03	Sodexo	ROLDÃO ATIBAIA	1	47,05	1,36	0	45,2	Pago	Sodexo Gift Pass	2024-12-30	745684	Sodexo gift pass	Banco Santander	2271	13004406		1634305	Voucher à Vista	Antecipado	Não Conciliado	2,89	1	05.800.256/0018-45
Conciliado Automático	2025-01-03	Sodexo	ROLDÃO ATIBAIA	1	252,1	7,26	0	242,89	Pago	Sodexo Gift Pass	2024-12-27	745654	Sodexo gift pass	Banco Santander	2271	13004406		1634305	Voucher à Vista	Antecipado	Não Conciliado	2,88	1	05.800.256/0018-45
Conciliado Automático	2025-01-03	Sodexo	ROLDÃO ATIBAIA	1	97,64	2,81	0	94,08	Pago	Sodexo Premium Pass	2024-12-27	448444	Sodexo premium pass	Banco Santander	2271	13004406		1634305	Voucher à Vista	Antecipado	Não Conciliado	2,88	1	05.800.256/0018-45
Conciliado Automático	2025-01-03	Sodexo	ROLDÃO BONSUCESSO	1	204,64	5,89	0	196,64	Pago	Sodexo Premium Pass	2024-12-30	761549	Sodexo premium pass	Banco Santander	2271	13004406		2061713	Voucher à Vista	Antecipado	Não Conciliado	2,88	1	05.800.256/0035-46
Conciliado Automático	2025-01-03	Sodexo	ROLDÃO BONSUCESSO	1	69,34	2	0	66,63	Pago	Sodexo Gift Pass	2024-12-30	461424	Sodexo gift pass	Banco Santander	2271	13004406		2061713	Voucher à Vista	Antecipado	Não Conciliado	2,88	1	05.800.256/0035-46
Conciliado Automático	2025-01-03	Sodexo	ROLDÃO BRASILANDIA	1	150	4,32	0	144,13	Pago	Sodexo Gift Pass	2025-01-02	780453	Sodexo gift pass	Banco Santander	2271	13004406		1634363	Voucher à Vista	Antecipado	Não Conciliado	2,88	1	05.800.256/0027-36
Conciliado Automático	2025-01-03	Sodexo	ROLDÃO BRASILANDIA	1	118,89	3,42	0	114,25	Pago	Sodexo Gift Pass	2025-01-02	780438	Sodexo gift pass	Banco Santander	2271	13004406		1634363	Voucher à Vista	Antecipado	Não Conciliado	2,88	1	05.800.256/0027-36
Conciliado Automático	2025-01-03	Sodexo	ROLDÃO BRASILANDIA	1	150	4,32	0	144,13	Pago	Sodexo Gift Pass	2024-12-31	479171	Sodexo gift pass	Banco Santander	2271	13004406		1634363	Voucher à Vista	Antecipado	Não Conciliado	2,88	1	05.800.256/0027-36
Conciliado Automático	2025-01-03	Sodexo	ROLDÃO BRASILANDIA	1	133	3,83	0	127,8	Pago	Sodexo Gift Pass	2024-12-31	479159	Sodexo gift pass	Banco Santander	2271	13004406		1634363	Voucher à Vista	Antecipado	Não Conciliado	2,88	1	05.800.256/0027-36
Conciliado Automático	2025-01-03	Sodexo	ROLDÃO BRASILANDIA	1	127,92	3,68	0	122,92	Pago	Sodexo Gift Pass	2024-12-31	780386	Sodexo gift pass	Banco Santander	2271	13004406		1634363	Voucher à Vista	Antecipado	Não Conciliado	2,88	1	05.800.256/0027-36
Conciliado Automático	2025-01-03	Sodexo	ROLDÃO BRASILANDIA	1	76,64	2,21	0	73,64	Pago	Sodexo Gift Pass	2024-12-31	780427	Sodexo gift pass	Banco Santander	2271	13004406		1634363	Voucher à Vista	Antecipado	Não Conciliado	2,88	1	05.800.256/0027-36
Conciliado Automático	2025-01-03	Sodexo	ROLDÃO BRASILANDIA	1	74,26	2,14	0	71,36	Pago	Sodexo Gift Pass	2024-12-31	479179	Sodexo gift pass	Banco Santander	2271	13004406		1634363	Voucher à Vista	Antecipado	Não Conciliado	2,88	1	05.800.256/0027-36
Conciliado Automático	2025-01-03	Sodexo	ROLDÃO BRASILANDIA	1	60	1,73	0	57,65	Pago	Sodexo Gift Pass	2024-12-31	780407	Sodexo gift pass	Banco Santander	2271	13004406		1634363	Voucher à Vista	Antecipado	Não Conciliado	2,88	1	05.800.256/0027-36
Conciliado Automático	2025-01-03	Sodexo	ROLDÃO BRASILANDIA	1	0,3	0,01	0	0,29	Pago	Sodexo Gift Pass	2024-12-31	780384	Sodexo gift pass	Banco Santander	2271	13004406		1634363	Voucher à Vista	Antecipado	Não Conciliado	3,33	1	05.800.256/0027-36
Conciliado Automático	2025-01-03	Sodexo	ROLDÃO BRASILANDIA	1	149	4,29	0	143,17	Pago	Sodexo Gift Pass	2024-12-30	780345	Sodexo gift pass	Banco Santander	2271	13004406		1634363	Voucher à Vista	Antecipado	Não Conciliado	2,88	1	05.800.256/0027-36
Conciliado Automático	2025-01-03	Sodexo	ROLDÃO BRASILANDIA	1	0,3	0,01	0	0,29	Pago	Sodexo Gift Pass	2024-12-30	780343	Sodexo gift pass	Banco Santander	2271	13004406		1634363	Voucher à Vista	Antecipado	Não Conciliado	3,33	1	05.800.256/0027-36
Conciliado Automático	2025-01-03	Sodexo	ROLDÃO BRASILANDIA	1	400	11,52	0	384,36	Pago	Sodexo Gift Pass	2024-12-28	479071	Sodexo gift pass	Banco Santander	2271	13004406		1634363	Voucher à Vista	Antecipado	Não Conciliado	2,88	1	05.800.256/0027-36
Conciliado Automático	2025-01-03	Sodexo	ROLDÃO BRASILANDIA	1	303,95	8,75	0	292,07	Pago	Sodexo Gift Pass	2024-12-28	479075	Sodexo gift pass	Banco Santander	2271	13004406		1634363	Voucher à Vista	Antecipado	Não Conciliado	2,88	1	05.800.256/0027-36
Conciliado Automático	2025-01-03	Sodexo	ROLDÃO BRASILANDIA	1	99,93	2,88	0	96,02	Pago	Sodexo Gift Pass	2024-12-28	780306	Sodexo gift pass	Banco Santander	2271	13004406		1634363	Voucher à Vista	Antecipado	Não Conciliado	2,88	1	05.800.256/0027-36
Conciliado Automático	2025-01-03	Sodexo	ROLDÃO BRASILANDIA	1	83,53	2,41	0	80,26	Pago	Sodexo Gift Pass	2024-12-28	479076	Sodexo gift pass	Banco Santander	2271	13004406		1634363	Voucher à Vista	Antecipado	Não Conciliado	2,89	1	05.800.256/0027-36
Conciliado Automático	2025-01-03	Sodexo	ROLDÃO BRASILANDIA	1	69	1,98	0	66,31	Pago	Sodexo Gift Pass	2024-12-28	780311	Sodexo gift pass	Banco Santander	2271	13004406		1634363	Voucher à Vista	Antecipado	Não Conciliado	2,87	1	05.800.256/0027-36
Conciliado Automático	2025-01-03	Sodexo	ROLDÃO BRASILANDIA	1	45,12	1,3	0	43,36	Pago	Sodexo Gift Pass	2024-12-28	780303	Sodexo gift pass	Banco Santander	2271	13004406		1634363	Voucher à Vista	Antecipado	Não Conciliado	2,88	1	05.800.256/0027-36
Conciliado Automático	2025-01-03	Sodexo	ROLDÃO BRASILANDIA	1	7,99	0,23	0	7,68	Pago	Sodexo Gift Pass	2024-12-28	780309	Sodexo gift pass	Banco Santander	2271	13004406		1634363	Voucher à Vista	Antecipado	Não Conciliado	2,88	1	05.800.256/0027-36
Conciliado Automático	2025-01-03	Sodexo	ROLDÃO BRASILANDIA	1	0,91	0,03	0	0,87	Pago	Sodexo Gift Pass	2024-12-28	780312	Sodexo gift pass	Banco Santander	2271	13004406		1634363	Voucher à Vista	Antecipado	Não Conciliado	3,3	1	05.800.256/0027-36
Conciliado Automático	2025-01-03	Sodexo	ROLDÃO BRASILANDIA	1	136,03	3,92	0	131,06	Pago	Sodexo Gift Pass	2024-12-27	780293	Sodexo gift pass	Banco Santander	2271	13004406		1634363	Voucher à Vista	Antecipado	Não Conciliado	2,88	1	05.800.256/0027-36
Conciliado Automático	2025-01-03	Sodexo	ROLDÃO BRASILANDIA	1	90,99	2,62	0	87,67	Pago	Sodexo Gift Pass	2024-12-27	780294	Sodexo gift pass	Banco Santander	2271	13004406		1634363	Voucher à Vista	Antecipado	Não Conciliado	2,88	1	05.800.256/0027-36
Conciliado Automático	2025-01-03	Sodexo	ROLDÃO BUTANTÃ	1	194,64	5,6	0	187,03	Pago	Sodexo Gift Pass	2025-01-02	500103	Sodexo gift pass	Banco Santander	2271	13004406		880485	Voucher à Vista	Antecipado	Não Conciliado	2,88	1	05.800.256/0001-05
Conciliado Automático	2025-01-03	Sodexo	ROLDÃO BUTANTÃ	1	25,16	0,72	0	24,18	Pago	Sodexo Gift Pass	2025-01-02	500102	Sodexo gift pass	Banco Santander	2271	13004406		880485	Voucher à Vista	Antecipado	Não Conciliado	2,86	1	05.800.256/0001-05
Conciliado Automático	2025-01-03	Sodexo	ROLDÃO BUTANTÃ	1	23	0,66	0	22,1	Pago	Sodexo Premium Pass	2025-01-02	500107	Sodexo premium pass	Banco Santander	2271	13004406		880485	Voucher à Vista	Antecipado	Não Conciliado	2,87	1	05.800.256/0001-05
Conciliado Automático	2025-01-03	Sodexo	ROLDÃO BUTANTÃ	1	1,99	0,06	0	1,91	Pago	Sodexo Gift Pass	2025-01-02	500099	Sodexo gift pass	Banco Santander	2271	13004406		880485	Voucher à Vista	Antecipado	Não Conciliado	3,02	1	05.800.256/0001-05
Conciliado Automático	2025-01-03	Sodexo	ROLDÃO BUTANTÃ	1	46,41	1,34	0	44,59	Pago	Sodexo Gift Pass	2024-12-31	798015	Sodexo gift pass	Banco Santander	2271	13004406		880485	Voucher à Vista	Antecipado	Não Conciliado	2,89	1	05.800.256/0001-05
Conciliado Automático	2025-01-03	Sodexo	ROLDÃO BUTANTÃ	1	77,35	2,23	0	74,32	Pago	Sodexo Gift Pass	2024-12-29	500029	Sodexo gift pass	Banco Santander	2271	13004406		880485	Voucher à Vista	Antecipado	Não Conciliado	2,88	1	05.800.256/0001-05
Conciliado Automático	2025-01-03	Sodexo	ROLDÃO BUTANTÃ	1	69,74	2,01	0	67,01	Pago	Sodexo Gift Pass	2024-12-29	500033	Sodexo gift pass	Banco Santander	2271	13004406		880485	Voucher à Vista	Antecipado	Não Conciliado	2,88	1	05.800.256/0001-05
Conciliado Automático	2025-01-03	Sodexo	ROLDÃO BUTANTÃ	1	400	11,52	0	384,36	Pago	Sodexo Gift Pass	2024-12-28	797951	Sodexo gift pass	Banco Santander	2271	13004406		880485	Voucher à Vista	Antecipado	Não Conciliado	2,88	1	05.800.256/0001-05
Conciliado Automático	2025-01-03	Sodexo	ROLDÃO BUTANTÃ	1	200	5,76	0	192,18	Pago	Sodexo Gift Pass	2024-12-28	500022	Sodexo gift pass	Banco Santander	2271	13004406		880485	Voucher à Vista	Antecipado	Não Conciliado	2,88	1	05.800.256/0001-05
Conciliado Automático	2025-01-03	Sodexo	ROLDÃO BUTANTÃ	1	145	4,18	0	139,32	Pago	Sodexo Gift Pass	2024-12-28	500020	Sodexo gift pass	Banco Santander	2271	13004406		880485	Voucher à Vista	Antecipado	Não Conciliado	2,88	1	05.800.256/0001-05
Conciliado Automático	2025-01-03	Sodexo	ROLDÃO C.TIRADENTES	1	424,73	12,23	0	408,13	Pago	Sodexo Gift Pass	2025-01-02	778228	Sodexo gift pass	Banco Santander	2271	13004406		1605723	Voucher à Vista	Antecipado	Não Conciliado	2,88	1	05.800.256/0015-00
Conciliado Automático	2025-01-03	Sodexo	ROLDÃO C.TIRADENTES	1	245,2	7,06	0	235,61	Pago	Sodexo Gift Pass	2025-01-02	778243	Sodexo gift pass	Banco Santander	2271	13004406		1605723	Voucher à Vista	Antecipado	Não Conciliado	2,88	1	05.800.256/0015-00
Conciliado Automático	2025-01-03	Sodexo	ROLDÃO C.TIRADENTES	1	58,6	1,69	0	56,31	Pago	Sodexo Gift Pass	2024-12-31	778210	Sodexo gift pass	Banco Santander	2271	13004406		1605723	Voucher à Vista	Antecipado	Não Conciliado	2,88	1	05.800.256/0015-00
Conciliado Automático	2025-01-03	Sodexo	ROLDÃO C.TIRADENTES	1	229	6,6	0	220,04	Pago	Sodexo Gift Pass	2024-12-30	479022	Sodexo gift pass	Banco Santander	2271	13004406		1605723	Voucher à Vista	Antecipado	Não Conciliado	2,88	1	05.800.256/0015-00
Conciliado Automático	2025-01-03	Sodexo	ROLDÃO C.TIRADENTES	1	13,52	0,39	0	12,99	Pago	Sodexo Gift Pass	2024-12-28	478998	Sodexo gift pass	Banco Santander	2271	13004406		1605723	Voucher à Vista	Antecipado	Não Conciliado	2,88	1	05.800.256/0015-00
Conciliado Automático	2025-01-03	Sodexo	ROLDÃO C.TIRADENTES	1	7,89	0,23	0	7,58	Pago	Sodexo Gift Pass	2024-12-28	478997	Sodexo gift pass	Banco Santander	2271	13004406		1605723	Voucher à Vista	Antecipado	Não Conciliado	2,92	1	05.800.256/0015-00
Conciliado Automático	2025-01-03	Sodexo	ROLDÃO CAMPINAS	1	4,26	0,12	0	4,1	Pago	Sodexo Gift Pass	2025-01-02	738400	Sodexo gift pass	Banco Santander	2271	13004406		2271068	Voucher à Vista	Antecipado	Não Conciliado	2,82	1	05.800.256/0037-08
Conciliado Automático	2025-01-03	Sodexo	ROLDÃO CAMPINAS	1	458,51	13,21	0	440,58	Pago	Sodexo Premium Pass	2024-12-31	439372	Sodexo premium pass	Banco Santander	2271	13004406		2271068	Voucher à Vista	Antecipado	Não Conciliado	2,88	1	05.800.256/0037-08
Conciliado Automático	2025-01-03	Sodexo	ROLDÃO CAMPINAS	1	168,47	4,85	0	161,88	Pago	Sodexo Premium Pass	2024-12-30	738352	Sodexo premium pass	Banco Santander	2271	13004406		2271068	Voucher à Vista	Antecipado	Não Conciliado	2,88	1	05.800.256/0037-08
Conciliado Automático	2025-01-03	Sodexo	ROLDÃO CAMPINAS	1	100,1	2,88	0	96,19	Pago	Sodexo Gift Pass	2024-12-30	439357	Sodexo gift pass	Banco Santander	2271	13004406		2271068	Voucher à Vista	Antecipado	Não Conciliado	2,88	1	05.800.256/0037-08
Conciliado Automático	2025-01-03	Sodexo	ROLDÃO CAMPINAS	1	72,86	2,1	0	70,01	Pago	Sodexo Gift Pass	2024-12-30	439338	Sodexo gift pass	Banco Santander	2271	13004406		2271068	Voucher à Vista	Antecipado	Não Conciliado	2,88	1	05.800.256/0037-08
Conciliado Automático	2025-01-03	Sodexo	ROLDÃO CAMPO LIMPO	1	259,1	7,46	0	248,97	Pago	Sodexo Gift Pass	2025-01-02	829101	Sodexo gift pass	Banco Santander	2271	13004406		1585192	Voucher à Vista	Antecipado	Não Conciliado	2,88	1	05.800.256/0005-20
Conciliado Automático	2025-01-03	Sodexo	ROLDÃO CAMPO LIMPO	1	127,7	3,68	0	122,7	Pago	Sodexo Gift Pass	2024-12-31	527528	Sodexo gift pass	Banco Santander	2271	13004406		1585192	Voucher à Vista	Antecipado	Não Conciliado	2,88	1	05.800.256/0005-20
Conciliado Automático	2025-01-03	Sodexo	ROLDÃO CAMPO LIMPO	1	254,93	7,34	0	244,96	Pago	Sodexo Gift Pass	2024-12-30	527481	Sodexo gift pass	Banco Santander	2271	13004406		1585192	Voucher à Vista	Antecipado	Não Conciliado	2,88	1	05.800.256/0005-20
Conciliado Automático	2025-01-03	Sodexo	ROLDÃO CAMPO LIMPO	1	150	4,32	0	144,13	Pago	Sodexo Gift Pass	2024-12-30	527516	Sodexo gift pass	Banco Santander	2271	13004406		1585192	Voucher à Vista	Antecipado	Não Conciliado	2,88	1	05.800.256/0005-20
Conciliado Automático	2025-01-03	Sodexo	ROLDÃO CAMPO LIMPO	1	59,63	1,72	0	57,3	Pago	Sodexo Gift Pass	2024-12-30	829036	Sodexo gift pass	Banco Santander	2271	13004406		1585192	Voucher à Vista	Antecipado	Não Conciliado	2,88	1	05.800.256/0005-20
Conciliado Automático	2025-01-03	Sodexo	ROLDÃO CAMPO LIMPO	1	49,09	1,41	0	47,17	Pago	Sodexo Gift Pass	2024-12-30	527484	Sodexo gift pass	Banco Santander	2271	13004406		1585192	Voucher à Vista	Antecipado	Não Conciliado	2,87	1	05.800.256/0005-20
Conciliado Automático	2025-01-03	Sodexo	ROLDÃO CAMPO LIMPO	1	45,9	1,32	0	44,11	Pago	Sodexo Gift Pass	2024-12-30	829057	Sodexo gift pass	Banco Santander	2271	13004406		1585192	Voucher à Vista	Antecipado	Não Conciliado	2,88	1	05.800.256/0005-20
Conciliado Automático	2025-01-03	Sodexo	ROLDÃO CAMPO LIMPO	1	32	0,92	0	30,75	Pago	Sodexo Gift Pass	2024-12-30	829058	Sodexo gift pass	Banco Santander	2271	13004406		1585192	Voucher à Vista	Antecipado	Não Conciliado	2,88	1	05.800.256/0005-20
Conciliado Automático	2025-01-03	Sodexo	ROLDÃO CAMPO LIMPO	1	95,12	2,74	0	91,4	Pago	Sodexo Gift Pass	2024-12-29	527446	Sodexo gift pass	Banco Santander	2271	13004406		1585192	Voucher à Vista	Antecipado	Não Conciliado	2,88	1	05.800.256/0005-20
Conciliado Automático	2025-01-03	Sodexo	ROLDÃO CAMPO LIMPO	1	6,43	0,19	0	6,17	Pago	Sodexo Gift Pass	2024-12-29	828974	Sodexo gift pass	Banco Santander	2271	13004406		1585192	Voucher à Vista	Antecipado	Não Conciliado	2,95	1	05.800.256/0005-20
Conciliado Automático	2025-01-03	Sodexo	ROLDÃO CAMPO LIMPO	1	230	6,61	0	221,02	Pago	Sodexo Gift Pass	2024-12-28	828960	Sodexo gift pass	Banco Santander	2271	13004406		1585192	Voucher à Vista	Antecipado	Não Conciliado	2,87	1	05.800.256/0005-20
Conciliado Automático	2025-01-03	Sodexo	ROLDÃO CAMPO LIMPO	1	200	5,76	0	192,18	Pago	Sodexo Gift Pass	2024-12-28	828950	Sodexo gift pass	Banco Santander	2271	13004406		1585192	Voucher à Vista	Antecipado	Não Conciliado	2,88	1	05.800.256/0005-20
Conciliado Automático	2025-01-03	Sodexo	ROLDÃO CAMPO LIMPO	1	63,11	1,82	0	60,64	Pago	Sodexo Gift Pass	2024-12-28	828942	Sodexo gift pass	Banco Santander	2271	13004406		1585192	Voucher à Vista	Antecipado	Não Conciliado	2,88	1	05.800.256/0005-20
Conciliado Automático	2025-01-03	Sodexo	ROLDÃO CAMPO LIMPO	1	38,03	1,1	0	36,54	Pago	Sodexo Gift Pass	2024-12-28	828959	Sodexo gift pass	Banco Santander	2271	13004406		1585192	Voucher à Vista	Antecipado	Não Conciliado	2,89	1	05.800.256/0005-20
Conciliado Automático	2025-01-03	Sodexo	ROLDÃO CAMPO LIMPO	1	11,29	0,33	0	10,84	Pago	Sodexo Gift Pass	2024-12-28	828958	Sodexo gift pass	Banco Santander	2271	13004406		1585192	Voucher à Vista	Antecipado	Não Conciliado	2,92	1	05.800.256/0005-20
Conciliado Automático	2025-01-03	Sodexo	ROLDÃO CAMPO LIMPO	1	275,29	7,93	0	265,23	Pago	Sodexo Gift Pass	2024-12-27	828891	Sodexo gift pass	Banco Santander	2271	13004406		1585192	Voucher à Vista	Antecipado	Não Conciliado	2,88	1	05.800.256/0005-20
Conciliado Automático	2025-01-03	Sodexo	ROLDÃO CAMPO LIMPO	1	234,52	6,75	0	225,96	Pago	Sodexo Gift Pass	2024-12-27	527401	Sodexo gift pass	Banco Santander	2271	13004406		1585192	Voucher à Vista	Antecipado	Não Conciliado	2,88	1	05.800.256/0005-20
Conciliado Automático	2025-01-03	Sodexo	ROLDÃO CAMPO LIMPO	1	120	3,46	0	115,61	Pago	Sodexo Gift Pass	2024-12-27	527390	Sodexo gift pass	Banco Santander	2271	13004406		1585192	Voucher à Vista	Antecipado	Não Conciliado	2,88	1	05.800.256/0005-20
Conciliado Automático	2025-01-03	Sodexo	ROLDÃO CAMPO LIMPO	1	75,39	2,17	0	72,64	Pago	Sodexo Gift Pass	2024-12-27	527394	Sodexo gift pass	Banco Santander	2271	13004406		1585192	Voucher à Vista	Antecipado	Não Conciliado	2,88	1	05.800.256/0005-20
Conciliado Automático	2025-01-03	Sodexo	ROLDÃO CAMPO LIMPO	1	19,66	0,57	0	18,94	Pago	Sodexo Gift Pass	2024-12-27	828914	Sodexo gift pass	Banco Santander	2271	13004406		1585192	Voucher à Vista	Antecipado	Não Conciliado	2,9	1	05.800.256/0005-20
Conciliado Automático	2025-01-03	Sodexo	ROLDÃO CIDADE DUTRA	1	308,05	8,87	0	296	Pago	Sodexo Gift Pass	2024-12-31	783425	Sodexo gift pass	Banco Santander	2271	13004406		1721697	Voucher à Vista	Antecipado	Não Conciliado	2,88	1	05.800.256/0030-31
Conciliado Automático	2025-01-03	Sodexo	ROLDÃO CIDADE DUTRA	1	89,62	2,58	0	86,12	Pago	Sodexo Gift Pass	2024-12-31	783452	Sodexo gift pass	Banco Santander	2271	13004406		1721697	Voucher à Vista	Antecipado	Não Conciliado	2,88	1	05.800.256/0030-31
Conciliado Automático	2025-01-03	Sodexo	ROLDÃO CIDADE DUTRA	1	40	1,15	0	38,44	Pago	Sodexo Gift Pass	2024-12-31	783412	Sodexo gift pass	Banco Santander	2271	13004406		1721697	Voucher à Vista	Antecipado	Não Conciliado	2,88	1	05.800.256/0030-31
Conciliado Automático	2025-01-03	Sodexo	ROLDÃO CIDADE DUTRA	1	0,28	0,01	0	0,27	Pago	Sodexo Gift Pass	2024-12-31	783424	Sodexo gift pass	Banco Santander	2271	13004406		1721697	Voucher à Vista	Antecipado	Não Conciliado	3,57	1	05.800.256/0030-31
Conciliado Automático	2025-01-03	Sodexo	ROLDÃO CIDADE DUTRA	1	154,86	4,46	0	148,8	Pago	Sodexo Gift Pass	2024-12-30	483219	Sodexo gift pass	Banco Santander	2271	13004406		1721697	Voucher à Vista	Antecipado	Não Conciliado	2,88	1	05.800.256/0030-31
Conciliado Automático	2025-01-03	Sodexo	ROLDÃO CIDADE DUTRA	1	100,35	2,89	0	96,43	Pago	Sodexo Gift Pass	2024-12-30	783408	Sodexo gift pass	Banco Santander	2271	13004406		1721697	Voucher à Vista	Antecipado	Não Conciliado	2,88	1	05.800.256/0030-31
Conciliado Automático	2025-01-03	Sodexo	ROLDÃO CIDADE DUTRA	1	93,74	2,7	0	90,07	Pago	Sodexo Gift Pass	2024-12-30	783382	Sodexo gift pass	Banco Santander	2271	13004406		1721697	Voucher à Vista	Antecipado	Não Conciliado	2,88	1	05.800.256/0030-31
Conciliado Automático	2025-01-03	Sodexo	ROLDÃO CIDADE DUTRA	1	23,45	0,68	0	22,53	Pago	Sodexo Gift Pass	2024-12-30	483210	Sodexo gift pass	Banco Santander	2271	13004406		1721697	Voucher à Vista	Antecipado	Não Conciliado	2,9	1	05.800.256/0030-31
Conciliado Automático	2025-01-03	Sodexo	ROLDÃO CIDADE DUTRA	1	132	3,8	0	126,84	Pago	Sodexo Gift Pass	2024-12-29	783358	Sodexo gift pass	Banco Santander	2271	13004406		1721697	Voucher à Vista	Antecipado	Não Conciliado	2,88	1	05.800.256/0030-31
Conciliado Automático	2025-01-03	Sodexo	ROLDÃO CIDADE DUTRA	1	100,82	2,9	0	96,88	Pago	Sodexo Gift Pass	2024-12-29	783354	Sodexo gift pass	Banco Santander	2271	13004406		1721697	Voucher à Vista	Antecipado	Não Conciliado	2,88	1	05.800.256/0030-31
Conciliado Automático	2025-01-03	Sodexo	ROLDÃO CIDADE DUTRA	1	140,11	4,04	0	134,63	Pago	Sodexo Gift Pass	2024-12-28	783351	Sodexo gift pass	Banco Santander	2271	13004406		1721697	Voucher à Vista	Antecipado	Não Conciliado	2,88	1	05.800.256/0030-31
Conciliado Automático	2025-01-03	Sodexo	ROLDÃO CIDADE DUTRA	1	56,85	1,63	0	54,63	Pago	Sodexo Gift Pass	2024-12-28	783337	Sodexo gift pass	Banco Santander	2271	13004406		1721697	Voucher à Vista	Antecipado	Não Conciliado	2,87	1	05.800.256/0030-31
Conciliado Automático	2025-01-03	Sodexo	ROLDÃO CIDADE DUTRA	1	3	0,09	0	2,88	Pago	Sodexo Gift Pass	2024-12-28	783338	Sodexo gift pass	Banco Santander	2271	13004406		1721697	Voucher à Vista	Antecipado	Não Conciliado	3	1	05.800.256/0030-31
Conciliado Automático	2025-01-03	Sodexo	ROLDÃO CUPECÊ	1	238	6,85	0	228,69	Pago	Sodexo Gift Pass	2024-12-31	779317	Sodexo gift pass	Banco Santander	2271	13004406		1585221	Voucher à Vista	Antecipado	Não Conciliado	2,88	1	05.800.256/0024-93
Conciliado Automático	2025-01-03	Sodexo	ROLDÃO CUPECÊ	1	169,84	4,89	0	163,2	Pago	Sodexo Gift Pass	2024-12-31	475579	Sodexo gift pass	Banco Santander	2271	13004406		1585221	Voucher à Vista	Antecipado	Não Conciliado	2,88	1	05.800.256/0024-93
Conciliado Automático	2025-01-03	Sodexo	ROLDÃO CUPECÊ	1	150	4,32	0	144,13	Pago	Sodexo Gift Pass	2024-12-31	475582	Sodexo gift pass	Banco Santander	2271	13004406		1585221	Voucher à Vista	Antecipado	Não Conciliado	2,88	1	05.800.256/0024-93
Conciliado Automático	2025-01-03	Sodexo	ROLDÃO CUPECÊ	1	11,98	0,35	0	11,51	Pago	Sodexo Gift Pass	2024-12-31	779316	Sodexo gift pass	Banco Santander	2271	13004406		1585221	Voucher à Vista	Antecipado	Não Conciliado	2,92	1	05.800.256/0024-93
Conciliado Automático	2025-01-03	Sodexo	ROLDÃO CUPECÊ	1	19,57	0,56	0	18,81	Pago	Sodexo Gift Pass	2024-12-30	779313	Sodexo gift pass	Banco Santander	2271	13004406		1585221	Voucher à Vista	Antecipado	Não Conciliado	2,86	1	05.800.256/0024-93
Conciliado Automático	2025-01-03	Sodexo	ROLDÃO CUPECÊ	1	88,82	2,56	0	85,34	Pago	Sodexo Gift Pass	2024-12-29	779278	Sodexo gift pass	Banco Santander	2271	13004406		1585221	Voucher à Vista	Antecipado	Não Conciliado	2,88	1	05.800.256/0024-93
Conciliado Automático	2025-01-03	Sodexo	ROLDÃO CUPECÊ	1	82,98	2,39	0	79,74	Pago	Sodexo Gift Pass	2024-12-29	779273	Sodexo gift pass	Banco Santander	2271	13004406		1585221	Voucher à Vista	Antecipado	Não Conciliado	2,88	1	05.800.256/0024-93
Conciliado Automático	2025-01-03	Sodexo	ROLDÃO CUPECÊ	1	540,45	15,57	0	519,31	Pago	Sodexo Gift Pass	2024-12-28	779259	Sodexo gift pass	Banco Santander	2271	13004406		1585221	Voucher à Vista	Antecipado	Não Conciliado	2,88	1	05.800.256/0024-93
Conciliado Automático	2025-01-03	Sodexo	ROLDÃO CUPECÊ	1	159,53	4,59	0	153,3	Pago	Sodexo Gift Pass	2024-12-28	475518	Sodexo gift pass	Banco Santander	2271	13004406		1585221	Voucher à Vista	Antecipado	Não Conciliado	2,88	1	05.800.256/0024-93
Conciliado Automático	2025-01-03	Sodexo	ROLDÃO CUPECÊ	1	134	3,86	0	128,76	Pago	Sodexo Premium Pass	2024-12-28	779252	Sodexo premium pass	Banco Santander	2271	13004406		1585221	Voucher à Vista	Antecipado	Não Conciliado	2,88	1	05.800.256/0024-93
Conciliado Automático	2025-01-03	Sodexo	ROLDÃO CUPECÊ	1	93	2,68	0	89,36	Pago	Sodexo Premium Pass	2024-12-28	475519	Sodexo premium pass	Banco Santander	2271	13004406		1585221	Voucher à Vista	Antecipado	Não Conciliado	2,88	1	05.800.256/0024-93
Conciliado Automático	2025-01-03	Sodexo	ROLDÃO CUPECÊ	1	54	1,55	0	51,89	Pago	Sodexo Gift Pass	2024-12-28	475532	Sodexo gift pass	Banco Santander	2271	13004406		1585221	Voucher à Vista	Antecipado	Não Conciliado	2,87	1	05.800.256/0024-93
Conciliado Automático	2025-01-03	Sodexo	ROLDÃO CUPECÊ	1	67,48	1,94	0	65,02	Pago	Sodexo Gift Pass	2024-12-27	779239	Sodexo gift pass	Banco Santander	2271	13004406		1585221	Voucher à Vista	Antecipado	Não Conciliado	2,87	1	05.800.256/0024-93
Conciliado Automático	2025-01-03	Sodexo	ROLDÃO FRANCO DA ROCHA	1	55,28	1,59	0	53,12	Pago	Sodexo Premium Pass	2024-12-31	801250	Sodexo premium pass	Banco Santander	2271	13004406		1585215	Voucher à Vista	Antecipado	Não Conciliado	2,88	1	05.800.256/0016-83
Conciliado Automático	2025-01-03	Sodexo	ROLDÃO FRANCO DA ROCHA	1	302,54	8,71	0	290,71	Pago	Sodexo Gift Pass	2024-12-30	801218	Sodexo gift pass	Banco Santander	2271	13004406		1585215	Voucher à Vista	Antecipado	Não Conciliado	2,88	1	05.800.256/0016-83
Conciliado Automático	2025-01-03	Sodexo	ROLDÃO FRANCO DA ROCHA	1	174,6	5,03	0	167,77	Pago	Sodexo Gift Pass	2024-12-30	801207	Sodexo gift pass	Banco Santander	2271	13004406		1585215	Voucher à Vista	Antecipado	Não Conciliado	2,88	1	05.800.256/0016-83
Conciliado Automático	2025-01-03	Sodexo	ROLDÃO FRANCO DA ROCHA	1	129,07	3,72	0	124,02	Pago	Sodexo Gift Pass	2024-12-30	500713	Sodexo gift pass	Banco Santander	2271	13004406		1585215	Voucher à Vista	Antecipado	Não Conciliado	2,88	1	05.800.256/0016-83
Conciliado Automático	2025-01-03	Sodexo	ROLDÃO FRANCO DA ROCHA	1	129,07	3,72	0	124,02	Pago	Sodexo Gift Pass	2024-12-30	500714	Sodexo gift pass	Banco Santander	2271	13004406		1585215	Voucher à Vista	Antecipado	Não Conciliado	2,88	1	05.800.256/0016-83
Conciliado Automático	2025-01-03	Sodexo	ROLDÃO FRANCO DA ROCHA	1	70,17	2,02	0	67,43	Pago	Sodexo Gift Pass	2024-12-30	500715	Sodexo gift pass	Banco Santander	2271	13004406		1585215	Voucher à Vista	Antecipado	Não Conciliado	2,88	1	05.800.256/0016-83
Conciliado Automático	2025-01-03	Sodexo	ROLDÃO FRANCO DA ROCHA	1	210	6,05	0	201,79	Pago	Sodexo Gift Pass	2024-12-29	500677	Sodexo gift pass	Banco Santander	2271	13004406		1585215	Voucher à Vista	Antecipado	Não Conciliado	2,88	1	05.800.256/0016-83
Conciliado Automático	2025-01-03	Sodexo	ROLDÃO FRANCO DA ROCHA	1	245	7,06	0	235,41	Pago	Sodexo Gift Pass	2024-12-28	801149	Sodexo gift pass	Banco Santander	2271	13004406		1585215	Voucher à Vista	Antecipado	Não Conciliado	2,88	1	05.800.256/0016-83
Conciliado Automático	2025-01-03	Sodexo	ROLDÃO FRANCO DA ROCHA	1	193,3	5,57	0	185,74	Pago	Sodexo Gift Pass	2024-12-28	801170	Sodexo gift pass	Banco Santander	2271	13004406		1585215	Voucher à Vista	Antecipado	Não Conciliado	2,88	1	05.800.256/0016-83
Conciliado Automático	2025-01-03	Sodexo	ROLDÃO FRANCO DA ROCHA	1	157,36	4,53	0	151,21	Pago	Sodexo Premium Pass	2024-12-28	801153	Sodexo premium pass	Banco Santander	2271	13004406		1585215	Voucher à Vista	Antecipado	Não Conciliado	2,88	1	05.800.256/0016-83
Conciliado Automático	2025-01-03	Sodexo	ROLDÃO FRANCO DA ROCHA	1	125	3,6	0	120,11	Pago	Sodexo Gift Pass	2024-12-28	801148	Sodexo gift pass	Banco Santander	2271	13004406		1585215	Voucher à Vista	Antecipado	Não Conciliado	2,88	1	05.800.256/0016-83
Conciliado Automático	2025-01-03	Sodexo	ROLDÃO FRANCO DA ROCHA	1	108,13	3,11	0	103,91	Pago	Sodexo Gift Pass	2024-12-28	500650	Sodexo gift pass	Banco Santander	2271	13004406		1585215	Voucher à Vista	Antecipado	Não Conciliado	2,88	1	05.800.256/0016-83
Conciliado Automático	2025-01-03	Sodexo	ROLDÃO FRANCO DA ROCHA	1	310	8,93	0	298,67	Pago	Sodexo Gift Pass	2024-12-27	801119	Sodexo gift pass	Banco Santander	2271	13004406		1585215	Voucher à Vista	Antecipado	Não Conciliado	2,88	1	05.800.256/0016-83
Conciliado Automático	2025-01-03	Sodexo	ROLDÃO FRANCO DA ROCHA	1	146,6	4,22	0	141,24	Pago	Sodexo Gift Pass	2024-12-27	500611	Sodexo gift pass	Banco Santander	2271	13004406		1585215	Voucher à Vista	Antecipado	Não Conciliado	2,88	1	05.800.256/0016-83
Conciliado Automático	2025-01-03	Sodexo	ROLDÃO FRANCO DA ROCHA	1	60	1,73	0	57,81	Pago	Sodexo Gift Pass	2024-12-27	500607	Sodexo gift pass	Banco Santander	2271	13004406		1585215	Voucher à Vista	Antecipado	Não Conciliado	2,88	1	05.800.256/0016-83
Conciliado Automático	2025-01-03	Sodexo	ROLDÃO FRANCO DA ROCHA	1	15,99	0,46	0	15,41	Pago	Sodexo Gift Pass	2024-12-27	500605	Sodexo gift pass	Banco Santander	2271	13004406		1585215	Voucher à Vista	Antecipado	Não Conciliado	2,88	1	05.800.256/0016-83
Conciliado Automático	2025-01-03	Sodexo	ROLDÃO FREGUESIA Ó	1	60,98	1,76	0	58,59	Pago	Sodexo Gift Pass	2025-01-02	760235	Sodexo gift pass	Banco Santander	2271	13004406		1585181	Voucher à Vista	Antecipado	Não Conciliado	2,89	1	05.800.256/0002-88
Conciliado Automático	2025-01-03	Sodexo	ROLDÃO FREGUESIA Ó	1	15,68	0,45	0	15,07	Pago	Sodexo Gift Pass	2025-01-02	760234	Sodexo gift pass	Banco Santander	2271	13004406		1585181	Voucher à Vista	Antecipado	Não Conciliado	2,87	1	05.800.256/0002-88
Conciliado Automático	2025-01-03	Sodexo	ROLDÃO FREGUESIA Ó	1	119,01	3,43	0	114,35	Pago	Sodexo Gift Pass	2024-12-29	760197	Sodexo gift pass	Banco Santander	2271	13004406		1585181	Voucher à Vista	Antecipado	Não Conciliado	2,88	1	05.800.256/0002-88
Conciliado Automático	2025-01-03	Sodexo	ROLDÃO FREGUESIA Ó	1	100	2,88	0	96,35	Pago	Sodexo Premium Pass	2024-12-27	760175	Sodexo premium pass	Banco Santander	2271	13004406		1585181	Voucher à Vista	Antecipado	Não Conciliado	2,88	1	05.800.256/0002-88
Conciliado Automático	2025-01-03	Sodexo	ROLDÃO FREGUESIA Ó	1	78,49	2,26	0	75,62	Pago	Sodexo Gift Pass	2024-12-27	461118	Sodexo gift pass	Banco Santander	2271	13004406		1585181	Voucher à Vista	Antecipado	Não Conciliado	2,88	1	05.800.256/0002-88
Conciliado Automático	2025-01-03	Sodexo	ROLDÃO GUARUJA	1	52,19	1,5	0	50,15	Pago	Sodexo Gift Pass	2024-12-31	828046	Sodexo gift pass	Banco Santander	2271	13004406		1585214	Voucher à Vista	Antecipado	Não Conciliado	2,87	1	05.800.256/0014-11
Conciliado Automático	2025-01-03	Sodexo	ROLDÃO GUARUJA	1	39,94	1,15	0	38,38	Pago	Sodexo Gift Pass	2024-12-31	525387	Sodexo gift pass	Banco Santander	2271	13004406		1585214	Voucher à Vista	Antecipado	Não Conciliado	2,88	1	05.800.256/0014-11
Conciliado Automático	2025-01-03	Sodexo	ROLDÃO GUARUJA	1	150	4,32	0	144,13	Pago	Sodexo Gift Pass	2024-12-30	525337	Sodexo gift pass	Banco Santander	2271	13004406		1585214	Voucher à Vista	Antecipado	Não Conciliado	2,88	1	05.800.256/0014-11
Conciliado Automático	2025-01-03	Sodexo	ROLDÃO GUARUJA	1	139,1	4,01	0	133,66	Pago	Sodexo Gift Pass	2024-12-30	525342	Sodexo gift pass	Banco Santander	2271	13004406		1585214	Voucher à Vista	Antecipado	Não Conciliado	2,88	1	05.800.256/0014-11
Conciliado Automático	2025-01-03	Sodexo	ROLDÃO GUARUJA	1	125,62	3,61	0	120,72	Pago	Sodexo Gift Pass	2024-12-29	525302	Sodexo gift pass	Banco Santander	2271	13004406		1585214	Voucher à Vista	Antecipado	Não Conciliado	2,87	1	05.800.256/0014-11
Conciliado Automático	2025-01-03	Sodexo	ROLDÃO GUARUJA	1	49,19	1,42	0	47,26	Pago	Sodexo Gift Pass	2024-12-29	827995	Sodexo gift pass	Banco Santander	2271	13004406		1585214	Voucher à Vista	Antecipado	Não Conciliado	2,89	1	05.800.256/0014-11
Conciliado Automático	2025-01-03	Sodexo	ROLDÃO GUARULHOS	1	78	2,25	0	74,95	Pago	Sodexo Gift Pass	2024-12-30	789516	Sodexo gift pass	Banco Santander	2271	13004406		1585198	Voucher à Vista	Antecipado	Não Conciliado	2,88	1	05.800.256/0009-54
Conciliado Automático	2025-01-03	Sodexo	ROLDÃO INDAIATUBA	1	44,94	1,29	0	43,19	Pago	Sodexo Gift Pass	2024-12-31	707644	Sodexo gift pass	Banco Santander	2271	13004406		3069095	Voucher à Vista	Antecipado	Não Conciliado	2,87	1	05.800.256/0050-85
Conciliado Automático	2025-01-03	Sodexo	ROLDÃO INDAIATUBA	1	210	6,05	0	201,79	Pago	Sodexo Gift Pass	2024-12-30	408036	Sodexo gift pass	Banco Santander	2271	13004406		3069095	Voucher à Vista	Antecipado	Não Conciliado	2,88	1	05.800.256/0050-85
Conciliado Automático	2025-01-03	Sodexo	ROLDÃO INDAIATUBA	1	45,56	1,31	0	43,78	Pago	Sodexo Gift Pass	2024-12-30	408028	Sodexo gift pass	Banco Santander	2271	13004406		3069095	Voucher à Vista	Antecipado	Não Conciliado	2,88	1	05.800.256/0050-85
Conciliado Automático	2025-01-03	Sodexo	ROLDÃO INDAIATUBA	1	18,93	0,55	0	18,19	Pago	Sodexo Gift Pass	2024-12-30	707614	Sodexo gift pass	Banco Santander	2271	13004406		3069095	Voucher à Vista	Antecipado	Não Conciliado	2,91	1	05.800.256/0050-85
Conciliado Automático	2025-01-03	Sodexo	ROLDÃO INDAIATUBA	1	33,56	0,97	0	32,24	Pago	Sodexo Gift Pass	2024-12-29	408023	Sodexo gift pass	Banco Santander	2271	13004406		3069095	Voucher à Vista	Antecipado	Não Conciliado	2,89	1	05.800.256/0050-85
Conciliado Automático	2025-01-03	Sodexo	ROLDÃO INDAIATUBA	1	170	4,9	0	163,35	Pago	Sodexo Gift Pass	2024-12-28	408002	Sodexo gift pass	Banco Santander	2271	13004406		3069095	Voucher à Vista	Antecipado	Não Conciliado	2,88	1	05.800.256/0050-85
Conciliado Automático	2025-01-03	Sodexo	ROLDÃO INDAIATUBA	1	126	3,63	0	121,07	Pago	Sodexo Gift Pass	2024-12-28	408013	Sodexo gift pass	Banco Santander	2271	13004406		3069095	Voucher à Vista	Antecipado	Não Conciliado	2,88	1	05.800.256/0050-85
Conciliado Automático	2025-01-03	Sodexo	ROLDÃO INDAIATUBA	1	28,56	0,82	0	27,45	Pago	Sodexo Gift Pass	2024-12-28	707601	Sodexo gift pass	Banco Santander	2271	13004406		3069095	Voucher à Vista	Antecipado	Não Conciliado	2,87	1	05.800.256/0050-85
Conciliado Automático	2025-01-03	Sodexo	ROLDÃO IPIRANGA	1	224,92	6,48	0	216,12	Pago	Sodexo Gift Pass	2025-01-02	786415	Sodexo gift pass	Banco Santander	2271	13004406		1585202	Voucher à Vista	Antecipado	Não Conciliado	2,88	1	05.800.256/0010-98
Conciliado Automático	2025-01-03	Sodexo	ROLDÃO IPIRANGA	1	109,52	3,15	0	105,24	Pago	Sodexo Gift Pass	2024-12-29	487879	Sodexo gift pass	Banco Santander	2271	13004406		1585202	Voucher à Vista	Antecipado	Não Conciliado	2,88	1	05.800.256/0010-98
Conciliado Automático	2025-01-03	Sodexo	ROLDÃO ITÚ	1	400	11,52	0	384,36	Pago	Sodexo Gift Pass	2024-12-31	713503	Sodexo gift pass	Banco Santander	2271	13004406		2856208	Voucher à Vista	Antecipado	Não Conciliado	2,88	1	05.800.256/0049-41
Conciliado Automático	2025-01-03	Sodexo	ROLDÃO ITÚ	1	330,77	9,53	0	317,83	Pago	Sodexo Gift Pass	2024-12-31	412723	Sodexo gift pass	Banco Santander	2271	13004406		2856208	Voucher à Vista	Antecipado	Não Conciliado	2,88	1	05.800.256/0049-41
Conciliado Automático	2025-01-03	Sodexo	ROLDÃO ITÚ	1	275	7,92	0	264,25	Pago	Sodexo Gift Pass	2024-12-31	412719	Sodexo gift pass	Banco Santander	2271	13004406		2856208	Voucher à Vista	Antecipado	Não Conciliado	2,88	1	05.800.256/0049-41
Conciliado Automático	2025-01-03	Sodexo	ROLDÃO ITÚ	1	106,99	3,08	0	102,81	Pago	Sodexo Gift Pass	2024-12-30	412705	Sodexo gift pass	Banco Santander	2271	13004406		2856208	Voucher à Vista	Antecipado	Não Conciliado	2,88	1	05.800.256/0049-41
Conciliado Automático	2025-01-03	Sodexo	ROLDÃO ITÚ	1	67,14	1,94	0	64,51	Pago	Sodexo Gift Pass	2024-12-30	713484	Sodexo gift pass	Banco Santander	2271	13004406		2856208	Voucher à Vista	Antecipado	Não Conciliado	2,89	1	05.800.256/0049-41
Conciliado Automático	2025-01-03	Sodexo	ROLDÃO ITÚ	1	34,73	1	0	33,37	Pago	Sodexo Gift Pass	2024-12-30	713489	Sodexo gift pass	Banco Santander	2271	13004406		2856208	Voucher à Vista	Antecipado	Não Conciliado	2,88	1	05.800.256/0049-41
Conciliado Automático	2025-01-03	Sodexo	ROLDÃO ITÚ	1	163	4,7	0	156,62	Pago	Sodexo Gift Pass	2024-12-29	713474	Sodexo gift pass	Banco Santander	2271	13004406		2856208	Voucher à Vista	Antecipado	Não Conciliado	2,88	1	05.800.256/0049-41
Conciliado Automático	2025-01-03	Sodexo	ROLDÃO ITÚ	1	24,03	0,69	0	23,09	Pago	Sodexo Gift Pass	2024-12-29	713470	Sodexo gift pass	Banco Santander	2271	13004406		2856208	Voucher à Vista	Antecipado	Não Conciliado	2,87	1	05.800.256/0049-41
Conciliado Automático	2025-01-03	Sodexo	ROLDÃO ITÚ	1	91,49	2,64	0	87,91	Pago	Sodexo Gift Pass	2024-12-28	412693	Sodexo gift pass	Banco Santander	2271	13004406		2856208	Voucher à Vista	Antecipado	Não Conciliado	2,89	1	05.800.256/0049-41
Conciliado Automático	2025-01-03	Sodexo	ROLDÃO ITÚ	1	21	0,6	0	20,18	Pago	Sodexo Gift Pass	2024-12-28	412694	Sodexo gift pass	Banco Santander	2271	13004406		2856208	Voucher à Vista	Antecipado	Não Conciliado	2,86	1	05.800.256/0049-41
Conciliado Automático	2025-01-03	Sodexo	ROLDÃO ITÚ	1	12,59	0,36	0	12,13	Pago	Sodexo Gift Pass	2024-12-27	412681	Sodexo gift pass	Banco Santander	2271	13004406		2856208	Voucher à Vista	Antecipado	Não Conciliado	2,86	1	05.800.256/0049-41
Conciliado Automático	2025-01-03	Sodexo	ROLDÃO ITÚ	1	7,95	0,23	0	7,66	Pago	Sodexo Gift Pass	2024-12-27	412689	Sodexo gift pass	Banco Santander	2271	13004406		2856208	Voucher à Vista	Antecipado	Não Conciliado	2,89	1	05.800.256/0049-41
Conciliado Automático	2025-01-03	Sodexo	ROLDÃO ITÚ	1	6,45	0,18	0	6,22	Pago	Sodexo Gift Pass	2024-12-27	412690	Sodexo gift pass	Banco Santander	2271	13004406		2856208	Voucher à Vista	Antecipado	Não Conciliado	2,79	1	05.800.256/0049-41
Conciliado Automático	2025-01-03	Sodexo	ROLDÃO JANDIRA	1	9,37	0,27	0	9	Pago	Sodexo Gift Pass	2025-01-02	446004	Sodexo gift pass	Banco Santander	2271	13004406		1531111	Voucher à Vista	Antecipado	Não Conciliado	2,88	1	05.800.256/0022-21
Conciliado Automático	2025-01-03	Sodexo	ROLDÃO JANDIRA	1	5,7	0,16	0	5,48	Pago	Sodexo Gift Pass	2025-01-02	446000	Sodexo gift pass	Banco Santander	2271	13004406		1531111	Voucher à Vista	Antecipado	Não Conciliado	2,81	1	05.800.256/0022-21
Conciliado Automático	2025-01-03	Sodexo	ROLDÃO JANDIRA	1	5,03	0,14	0	4,84	Pago	Sodexo Gift Pass	2024-12-31	744753	Sodexo gift pass	Banco Santander	2271	13004406		1531111	Voucher à Vista	Antecipado	Não Conciliado	2,78	1	05.800.256/0022-21
Conciliado Automático	2025-01-03	Sodexo	ROLDÃO JANDIRA	1	110,66	3,19	0	106,33	Pago	Sodexo Gift Pass	2024-12-30	744729	Sodexo gift pass	Banco Santander	2271	13004406		1531111	Voucher à Vista	Antecipado	Não Conciliado	2,88	1	05.800.256/0022-21
Conciliado Automático	2025-01-03	Sodexo	ROLDÃO JANDIRA	1	77,3	2,23	0	74,27	Pago	Sodexo Gift Pass	2024-12-30	744725	Sodexo gift pass	Banco Santander	2271	13004406		1531111	Voucher à Vista	Antecipado	Não Conciliado	2,88	1	05.800.256/0022-21
Conciliado Automático	2025-01-03	Sodexo	ROLDÃO JANDIRA	1	74,6	2,15	0	71,68	Pago	Sodexo Gift Pass	2024-12-30	744734	Sodexo gift pass	Banco Santander	2271	13004406		1531111	Voucher à Vista	Antecipado	Não Conciliado	2,88	1	05.800.256/0022-21
Conciliado Automático	2025-01-03	Sodexo	ROLDÃO JANDIRA	1	149,34	4,3	0	143,5	Pago	Sodexo Gift Pass	2024-12-29	445965	Sodexo gift pass	Banco Santander	2271	13004406		1531111	Voucher à Vista	Antecipado	Não Conciliado	2,88	1	05.800.256/0022-21
Conciliado Automático	2025-01-03	Sodexo	ROLDÃO JANDIRA	1	67,43	1,94	0	64,8	Pago	Sodexo Gift Pass	2024-12-28	445953	Sodexo gift pass	Banco Santander	2271	13004406		1531111	Voucher à Vista	Antecipado	Não Conciliado	2,88	1	05.800.256/0022-21
Conciliado Automático	2025-01-03	Sodexo	ROLDÃO JANDIRA	1	59,76	1,72	0	57,42	Pago	Sodexo Gift Pass	2024-12-28	744719	Sodexo gift pass	Banco Santander	2271	13004406		1531111	Voucher à Vista	Antecipado	Não Conciliado	2,88	1	05.800.256/0022-21
Conciliado Automático	2025-01-03	Sodexo	ROLDÃO JANDIRA	1	64,49	1,86	0	62,13	Pago	Sodexo Gift Pass	2024-12-27	445947	Sodexo gift pass	Banco Santander	2271	13004406		1531111	Voucher à Vista	Antecipado	Não Conciliado	2,88	1	05.800.256/0022-21
Conciliado Automático	2025-01-03	Sodexo	ROLDÃO JUNDIAI	1	169,51	4,88	0	162,88	Pago	Sodexo Premium Pass	2024-12-31	792146	Sodexo premium pass	Banco Santander	2271	13004406		1585196	Voucher à Vista	Antecipado	Não Conciliado	2,88	1	05.800.256/0008-73
Conciliado Automático	2025-01-03	Sodexo	ROLDÃO JUNDIAI	1	148,03	4,26	0	142,24	Pago	Sodexo Gift Pass	2024-12-31	489958	Sodexo gift pass	Banco Santander	2271	13004406		1585196	Voucher à Vista	Antecipado	Não Conciliado	2,88	1	05.800.256/0008-73
Conciliado Automático	2025-01-03	Sodexo	ROLDÃO JUNDIAI	1	77	2,22	0	73,99	Pago	Sodexo Gift Pass	2024-12-30	489941	Sodexo gift pass	Banco Santander	2271	13004406		1585196	Voucher à Vista	Antecipado	Não Conciliado	2,88	1	05.800.256/0008-73
Conciliado Automático	2025-01-03	Sodexo	ROLDÃO JUNDIAI	1	30,58	0,88	0	29,38	Pago	Sodexo Gift Pass	2024-12-30	489930	Sodexo gift pass	Banco Santander	2271	13004406		1585196	Voucher à Vista	Antecipado	Não Conciliado	2,88	1	05.800.256/0008-73
Conciliado Automático	2025-01-03	Sodexo	ROLDÃO JUNDIAI	1	378,74	10,91	0	363,93	Pago	Sodexo Premium Pass	2024-12-28	792081	Sodexo premium pass	Banco Santander	2271	13004406		1585196	Voucher à Vista	Antecipado	Não Conciliado	2,88	1	05.800.256/0008-73
Conciliado Automático	2025-01-03	Sodexo	ROLDÃO JUNDIAI	1	49,98	1,44	0	48,03	Pago	Sodexo Gift Pass	2024-12-28	489915	Sodexo gift pass	Banco Santander	2271	13004406		1585196	Voucher à Vista	Antecipado	Não Conciliado	2,88	1	05.800.256/0008-73
Conciliado Automático	2025-01-03	Sodexo	ROLDÃO JUNDIAÍ III	1	343,89	9,9	0	330,45	Pago	Sodexo Premium Pass	2025-01-02	720782	Sodexo premium pass	Banco Santander	2271	13004406		2836544	Voucher à Vista	Antecipado	Não Conciliado	2,88	1	05.800.256/0052-47
Conciliado Automático	2025-01-03	Sodexo	ROLDÃO JUNDIAÍ III	1	400	11,52	0	384,36	Pago	Sodexo Gift Pass	2024-12-31	720735	Sodexo gift pass	Banco Santander	2271	13004406		2836544	Voucher à Vista	Antecipado	Não Conciliado	2,88	1	05.800.256/0052-47
Conciliado Automático	2025-01-03	Sodexo	ROLDÃO JUNDIAÍ III	1	249,03	7,17	0	239,29	Pago	Sodexo Premium Pass	2024-12-31	720742	Sodexo premium pass	Banco Santander	2271	13004406		2836544	Voucher à Vista	Antecipado	Não Conciliado	2,88	1	05.800.256/0052-47
Conciliado Automático	2025-01-03	Sodexo	ROLDÃO JUNDIAÍ III	1	142,89	4,11	0	137,31	Pago	Sodexo Gift Pass	2024-12-31	720732	Sodexo gift pass	Banco Santander	2271	13004406		2836544	Voucher à Vista	Antecipado	Não Conciliado	2,88	1	05.800.256/0052-47
Conciliado Automático	2025-01-03	Sodexo	ROLDÃO JUNDIAÍ III	1	100	2,88	0	96,09	Pago	Sodexo Gift Pass	2024-12-31	720734	Sodexo gift pass	Banco Santander	2271	13004406		2836544	Voucher à Vista	Antecipado	Não Conciliado	2,88	1	05.800.256/0052-47
Conciliado Automático	2025-01-03	Sodexo	ROLDÃO JUNDIAÍ III	1	48,15	1,39	0	46,26	Pago	Sodexo Gift Pass	2024-12-31	720744	Sodexo gift pass	Banco Santander	2271	13004406		2836544	Voucher à Vista	Antecipado	Não Conciliado	2,89	1	05.800.256/0052-47
Conciliado Automático	2025-01-03	Sodexo	ROLDÃO JUNDIAÍ III	1	358,28	10,32	0	344,27	Pago	Sodexo Gift Pass	2024-12-30	422068	Sodexo gift pass	Banco Santander	2271	13004406		2836544	Voucher à Vista	Antecipado	Não Conciliado	2,88	1	05.800.256/0052-47
Conciliado Automático	2025-01-03	Sodexo	ROLDÃO JUNDIAÍ III	1	213,83	6,16	0	205,47	Pago	Sodexo Premium Pass	2024-12-29	720693	Sodexo premium pass	Banco Santander	2271	13004406		2836544	Voucher à Vista	Antecipado	Não Conciliado	2,88	1	05.800.256/0052-47
Conciliado Automático	2025-01-03	Sodexo	ROLDÃO JUNDIAÍ III	1	106	3,05	0	101,86	Pago	Sodexo Gift Pass	2024-12-29	422032	Sodexo gift pass	Banco Santander	2271	13004406		2836544	Voucher à Vista	Antecipado	Não Conciliado	2,88	1	05.800.256/0052-47
Conciliado Automático	2025-01-03	Sodexo	ROLDÃO JUNDIAÍ III	1	182,68	5,26	0	175,54	Pago	Sodexo Gift Pass	2024-12-28	422007	Sodexo gift pass	Banco Santander	2271	13004406		2836544	Voucher à Vista	Antecipado	Não Conciliado	2,88	1	05.800.256/0052-47
Conciliado Automático	2025-01-03	Sodexo	ROLDÃO JUNDIAÍ III	1	103,78	2,99	0	99,72	Pago	Sodexo Premium Pass	2024-12-28	720670	Sodexo premium pass	Banco Santander	2271	13004406		2836544	Voucher à Vista	Antecipado	Não Conciliado	2,88	1	05.800.256/0052-47
Conciliado Automático	2025-01-03	Sodexo	ROLDÃO JUNDIAÍ III	1	65	1,87	0	62,46	Pago	Sodexo Gift Pass	2024-12-28	720685	Sodexo gift pass	Banco Santander	2271	13004406		2836544	Voucher à Vista	Antecipado	Não Conciliado	2,88	1	05.800.256/0052-47
Conciliado Automático	2025-01-03	Sodexo	ROLDÃO JUNDIAÍ III	1	231,82	6,68	0	223,35	Pago	Sodexo Gift Pass	2024-12-27	720643	Sodexo gift pass	Banco Santander	2271	13004406		2836544	Voucher à Vista	Antecipado	Não Conciliado	2,88	1	05.800.256/0052-47
Conciliado Automático	2025-01-03	Sodexo	ROLDÃO JUNDIAÍ III	1	183,64	5,29	0	176,93	Pago	Sodexo Premium Pass	2024-12-27	421989	Sodexo premium pass	Banco Santander	2271	13004406		2836544	Voucher à Vista	Antecipado	Não Conciliado	2,88	1	05.800.256/0052-47
Conciliado Automático	2025-01-03	Sodexo	ROLDÃO JUNDIAÍ III	1	46,26	1,33	0	44,57	Pago	Sodexo Gift Pass	2024-12-27	720657	Sodexo gift pass	Banco Santander	2271	13004406		2836544	Voucher à Vista	Antecipado	Não Conciliado	2,88	1	05.800.256/0052-47
Conciliado Automático	2025-01-03	Sodexo	ROLDÃO JUNDIAÍ III	1	7,99	0,23	0	7,7	Pago	Sodexo Gift Pass	2024-12-27	720642	Sodexo gift pass	Banco Santander	2271	13004406		2836544	Voucher à Vista	Antecipado	Não Conciliado	2,88	1	05.800.256/0052-47
Conciliado Automático	2025-01-03	Sodexo	ROLDAO LIMEIRA                	1	384,68	11,08	0	369,64	Pago	Sodexo Gift Pass	2025-01-02	777902	Sodexo gift pass	Banco Santander	2271	13004406		1724903	Voucher à Vista	Antecipado	Não Conciliado	2,88	1	05.800.256/0033-84
Conciliado Automático	2025-01-03	Sodexo	ROLDAO LIMEIRA                	1	50,54	1,46	0	48,56	Pago	Sodexo Gift Pass	2025-01-02	777904	Sodexo gift pass	Banco Santander	2271	13004406		1724903	Voucher à Vista	Antecipado	Não Conciliado	2,89	1	05.800.256/0033-84
Conciliado Automático	2025-01-03	Sodexo	ROLDAO LIMEIRA                	1	50	1,44	0	48,04	Pago	Sodexo Gift Pass	2024-12-31	777885	Sodexo gift pass	Banco Santander	2271	13004406		1724903	Voucher à Vista	Antecipado	Não Conciliado	2,88	1	05.800.256/0033-84
Conciliado Automático	2025-01-03	Sodexo	ROLDAO LIMEIRA                	1	342,86	9,88	0	329,45	Pago	Sodexo Gift Pass	2024-12-30	777863	Sodexo gift pass	Banco Santander	2271	13004406		1724903	Voucher à Vista	Antecipado	Não Conciliado	2,88	1	05.800.256/0033-84
Conciliado Automático	2025-01-03	Sodexo	ROLDAO LIMEIRA                	1	52,48	1,51	0	50,43	Pago	Sodexo Gift Pass	2024-12-30	476399	Sodexo gift pass	Banco Santander	2271	13004406		1724903	Voucher à Vista	Antecipado	Não Conciliado	2,88	1	05.800.256/0033-84
Conciliado Automático	2025-01-03	Sodexo	ROLDAO LIMEIRA                	1	62,3	1,79	0	59,87	Pago	Sodexo Gift Pass	2024-12-28	476376	Sodexo gift pass	Banco Santander	2271	13004406		1724903	Voucher à Vista	Antecipado	Não Conciliado	2,87	1	05.800.256/0033-84
Conciliado Automático	2025-01-03	Sodexo	ROLDAO LIMEIRA                	1	304,83	8,78	0	293,7	Pago	Sodexo Premium Pass	2024-12-27	777836	Sodexo premium pass	Banco Santander	2271	13004406		1724903	Voucher à Vista	Antecipado	Não Conciliado	2,88	1	05.800.256/0033-84
Conciliado Automático	2025-01-03	Sodexo	ROLDAO LIMEIRA                	1	172,16	4,96	0	165,87	Pago	Sodexo Premium Pass	2024-12-27	476361	Sodexo premium pass	Banco Santander	2271	13004406		1724903	Voucher à Vista	Antecipado	Não Conciliado	2,88	1	05.800.256/0033-84
Conciliado Automático	2025-01-03	Sodexo	ROLDAO LIMEIRA                	1	50,09	1,44	0	48,26	Pago	Sodexo Premium Pass	2024-12-27	777837	Sodexo premium pass	Banco Santander	2271	13004406		1724903	Voucher à Vista	Antecipado	Não Conciliado	2,87	1	05.800.256/0033-84
Conciliado Automático	2025-01-03	Sodexo	ROLDAO LIMEIRA                	1	23,19	0,67	0	22,34	Pago	Sodexo Gift Pass	2024-12-27	476354	Sodexo gift pass	Banco Santander	2271	13004406		1724903	Voucher à Vista	Antecipado	Não Conciliado	2,89	1	05.800.256/0033-84
Conciliado Automático	2025-01-03	Sodexo	ROLDÃO MARECHAL TITO	1	123	3,54	0	118,19	Pago	Sodexo Gift Pass	2024-12-31	769477	Sodexo gift pass	Banco Santander	2271	13004406		1585205	Voucher à Vista	Antecipado	Não Conciliado	2,88	1	05.800.256/0011-79
Conciliado Automático	2025-01-03	Sodexo	ROLDÃO MARECHAL TITO	1	32,75	0,94	0	31,47	Pago	Sodexo Gift Pass	2024-12-31	469440	Sodexo gift pass	Banco Santander	2271	13004406		1585205	Voucher à Vista	Antecipado	Não Conciliado	2,87	1	05.800.256/0011-79
Conciliado Automático	2025-01-03	Sodexo	ROLDÃO MARECHAL TITO	1	250	7,2	0	240,87	Pago	Sodexo Gift Pass	2024-12-27	469357	Sodexo gift pass	Banco Santander	2271	13004406		1585205	Voucher à Vista	Antecipado	Não Conciliado	2,88	1	05.800.256/0011-79
Conciliado Automático	2025-01-03	Sodexo	ROLDÃO MARECHAL TITO	1	123,07	3,54	0	118,58	Pago	Sodexo Gift Pass	2024-12-27	469364	Sodexo gift pass	Banco Santander	2271	13004406		1585205	Voucher à Vista	Antecipado	Não Conciliado	2,88	1	05.800.256/0011-79
Conciliado Automático	2025-01-03	Sodexo	ROLDÃO MARECHAL TITO	1	9,5	0,27	0	9,16	Pago	Sodexo Gift Pass	2024-12-27	769420	Sodexo gift pass	Banco Santander	2271	13004406		1585205	Voucher à Vista	Antecipado	Não Conciliado	2,84	1	05.800.256/0011-79
Conciliado Automático	2025-01-03	Sodexo	ROLDÃO MAUA	1	19,36	0,56	0	18,6	Pago	Sodexo Gift Pass	2024-12-30	722340	Sodexo gift pass	Banco Santander	2271	13004406		2335180	Voucher à Vista	Antecipado	Não Conciliado	2,89	1	05.800.256/0041-94
Conciliado Automático	2025-01-03	Sodexo	ROLDÃO MAUA	1	193,53	5,58	0	185,96	Pago	Sodexo Gift Pass	2024-12-28	421982	Sodexo gift pass	Banco Santander	2271	13004406		2335180	Voucher à Vista	Antecipado	Não Conciliado	2,88	1	05.800.256/0041-94
Conciliado Automático	2025-01-03	Sodexo	ROLDÃO MAUA	1	130	3,74	0	124,92	Pago	Sodexo Gift Pass	2024-12-28	722298	Sodexo gift pass	Banco Santander	2271	13004406		2335180	Voucher à Vista	Antecipado	Não Conciliado	2,88	1	05.800.256/0041-94
Conciliado Automático	2025-01-03	Sodexo	ROLDÃO MAUA	1	289	8,32	0	278,45	Pago	Sodexo Gift Pass	2024-12-27	421968	Sodexo gift pass	Banco Santander	2271	13004406		2335180	Voucher à Vista	Antecipado	Não Conciliado	2,88	1	05.800.256/0041-94
Conciliado Automático	2025-01-03	Sodexo	ROLDÃO MOGI GUAÇU	1	280	8,06	0	269,06	Pago	Sodexo Gift Pass	2024-12-31	708741	Sodexo gift pass	Banco Santander	2271	13004406		2906959	Voucher à Vista	Antecipado	Não Conciliado	2,88	1	05.800.256/0048-60
Conciliado Automático	2025-01-03	Sodexo	ROLDÃO MOGI GUAÇU	1	27,8	0,8	0	26,71	Pago	Sodexo Premium Pass	2024-12-31	407624	Sodexo premium pass	Banco Santander	2271	13004406		2906959	Voucher à Vista	Antecipado	Não Conciliado	2,88	1	05.800.256/0048-60
Conciliado Automático	2025-01-03	Sodexo	ROLDÃO MOGI GUAÇU	1	98,3	2,83	0	94,46	Pago	Sodexo Gift Pass	2024-12-30	407609	Sodexo gift pass	Banco Santander	2271	13004406		2906959	Voucher à Vista	Antecipado	Não Conciliado	2,88	1	05.800.256/0048-60
Conciliado Automático	2025-01-03	Sodexo	ROLDÃO MOGI GUAÇU	1	39,73	1,14	0	38,18	Pago	Sodexo Premium Pass	2024-12-29	407604	Sodexo premium pass	Banco Santander	2271	13004406		2906959	Voucher à Vista	Antecipado	Não Conciliado	2,87	1	05.800.256/0048-60
Conciliado Automático	2025-01-03	Sodexo	ROLDÃO MOGI GUAÇU	1	15,98	0,46	0	15,36	Pago	Sodexo Gift Pass	2024-12-28	708714	Sodexo gift pass	Banco Santander	2271	13004406		2906959	Voucher à Vista	Antecipado	Não Conciliado	2,88	1	05.800.256/0048-60
Conciliado Automático	2025-01-03	Sodexo	ROLDÃO MOGI GUAÇU	1	11,42	0,33	0	11	Pago	Sodexo Gift Pass	2024-12-27	407583	Sodexo gift pass	Banco Santander	2271	13004406		2906959	Voucher à Vista	Antecipado	Não Conciliado	2,89	1	05.800.256/0048-60
Conciliado Automático	2025-01-03	Sodexo	ROLDÃO MOOCA	1	77,45	2,23	0	74,42	Pago	Sodexo Gift Pass	2025-01-02	456837	Sodexo gift pass	Banco Santander	2271	13004406		1585185	Voucher à Vista	Antecipado	Não Conciliado	2,88	1	05.800.256/0003-69
Conciliado Automático	2025-01-03	Sodexo	ROLDÃO MOOCA	1	4	0,12	0	3,84	Pago	Sodexo Gift Pass	2025-01-02	456833	Sodexo gift pass	Banco Santander	2271	13004406		1585185	Voucher à Vista	Antecipado	Não Conciliado	3	1	05.800.256/0003-69
Conciliado Automático	2025-01-03	Sodexo	ROLDÃO MOOCA	1	125	3,6	0	120,11	Pago	Sodexo Gift Pass	2024-12-31	764642	Sodexo gift pass	Banco Santander	2271	13004406		1585185	Voucher à Vista	Antecipado	Não Conciliado	2,88	1	05.800.256/0003-69
Conciliado Automático	2025-01-03	Sodexo	ROLDÃO MOOCA	1	43,44	1,25	0	41,74	Pago	Sodexo Gift Pass	2024-12-30	764620	Sodexo gift pass	Banco Santander	2271	13004406		1585185	Voucher à Vista	Antecipado	Não Conciliado	2,88	1	05.800.256/0003-69
Conciliado Automático	2025-01-03	Sodexo	ROLDÃO MOOCA	1	29,67	0,85	0	28,51	Pago	Sodexo Premium Pass	2024-12-30	764614	Sodexo premium pass	Banco Santander	2271	13004406		1585185	Voucher à Vista	Antecipado	Não Conciliado	2,86	1	05.800.256/0003-69
Conciliado Automático	2025-01-03	Sodexo	ROLDÃO MOOCA	1	1,98	0,06	0	1,9	Pago	Sodexo Gift Pass	2024-12-29	764612	Sodexo gift pass	Banco Santander	2271	13004406		1585185	Voucher à Vista	Antecipado	Não Conciliado	3,03	1	05.800.256/0003-69
Conciliado Automático	2025-01-03	Sodexo	ROLDÃO MOOCA	1	28,19	0,81	0	27,09	Pago	Sodexo Gift Pass	2024-12-28	456781	Sodexo gift pass	Banco Santander	2271	13004406		1585185	Voucher à Vista	Antecipado	Não Conciliado	2,87	1	05.800.256/0003-69
Conciliado Automático	2025-01-03	Sodexo	ROLDÃO MOOCA	1	20,17	0,58	0	19,38	Pago	Sodexo Premium Pass	2024-12-28	764598	Sodexo premium pass	Banco Santander	2271	13004406		1585185	Voucher à Vista	Antecipado	Não Conciliado	2,88	1	05.800.256/0003-69
Conciliado Automático	2025-01-03	Sodexo	ROLDÃO OSASCO	1	44,62	1,29	0	42,87	Pago	Sodexo Gift Pass	2025-01-02	481753	Sodexo gift pass	Banco Santander	2271	13004406		1585189	Voucher à Vista	Antecipado	Não Conciliado	2,89	1	05.800.256/0004-40
Conciliado Automático	2025-01-03	Sodexo	ROLDÃO OSASCO	1	40,29	1,16	0	38,72	Pago	Sodexo Gift Pass	2025-01-02	481757	Sodexo gift pass	Banco Santander	2271	13004406		1585189	Voucher à Vista	Antecipado	Não Conciliado	2,88	1	05.800.256/0004-40
Conciliado Automático	2025-01-03	Sodexo	ROLDÃO OSASCO	1	17,24	0,5	0	16,56	Pago	Sodexo Gift Pass	2025-01-02	481747	Sodexo gift pass	Banco Santander	2271	13004406		1585189	Voucher à Vista	Antecipado	Não Conciliado	2,9	1	05.800.256/0004-40
Conciliado Automático	2025-01-03	Sodexo	ROLDÃO OSASCO	1	68,94	1,98	0	66,25	Pago	Sodexo Gift Pass	2024-12-31	780668	Sodexo gift pass	Banco Santander	2271	13004406		1585189	Voucher à Vista	Antecipado	Não Conciliado	2,87	1	05.800.256/0004-40
Conciliado Automático	2025-01-03	Sodexo	ROLDÃO OSASCO	1	33,26	0,96	0	31,96	Pago	Sodexo Gift Pass	2024-12-31	481737	Sodexo gift pass	Banco Santander	2271	13004406		1585189	Voucher à Vista	Antecipado	Não Conciliado	2,89	1	05.800.256/0004-40
Conciliado Automático	2025-01-03	Sodexo	ROLDÃO OSASCO	1	21,76	0,63	0	20,91	Pago	Sodexo Gift Pass	2024-12-31	780674	Sodexo gift pass	Banco Santander	2271	13004406		1585189	Voucher à Vista	Antecipado	Não Conciliado	2,9	1	05.800.256/0004-40
Conciliado Automático	2025-01-03	Sodexo	ROLDÃO OSASCO	1	218,52	6,29	0	209,98	Pago	Sodexo Premium Pass	2024-12-30	780650	Sodexo premium pass	Banco Santander	2271	13004406		1585189	Voucher à Vista	Antecipado	Não Conciliado	2,88	1	05.800.256/0004-40
Conciliado Automático	2025-01-03	Sodexo	ROLDÃO OSASCO	1	215,24	6,2	0	206,82	Pago	Sodexo Gift Pass	2024-12-30	481682	Sodexo gift pass	Banco Santander	2271	13004406		1585189	Voucher à Vista	Antecipado	Não Conciliado	2,88	1	05.800.256/0004-40
Conciliado Automático	2025-01-03	Sodexo	ROLDÃO OSASCO	1	107,01	3,08	0	102,83	Pago	Sodexo Gift Pass	2024-12-30	780623	Sodexo gift pass	Banco Santander	2271	13004406		1585189	Voucher à Vista	Antecipado	Não Conciliado	2,88	1	05.800.256/0004-40
Conciliado Automático	2025-01-03	Sodexo	ROLDÃO OSASCO	1	40	1,15	0	38,44	Pago	Sodexo Gift Pass	2024-12-30	481707	Sodexo gift pass	Banco Santander	2271	13004406		1585189	Voucher à Vista	Antecipado	Não Conciliado	2,88	1	05.800.256/0004-40
Conciliado Automático	2025-01-03	Sodexo	ROLDÃO OSASCO	1	7,65	0,22	0	7,35	Pago	Sodexo Gift Pass	2024-12-30	780624	Sodexo gift pass	Banco Santander	2271	13004406		1585189	Voucher à Vista	Antecipado	Não Conciliado	2,88	1	05.800.256/0004-40
Conciliado Automático	2025-01-03	Sodexo	ROLDÃO OSASCO	1	110,14	3,17	0	105,84	Pago	Sodexo Gift Pass	2024-12-29	780614	Sodexo gift pass	Banco Santander	2271	13004406		1585189	Voucher à Vista	Antecipado	Não Conciliado	2,88	1	05.800.256/0004-40
Conciliado Automático	2025-01-03	Sodexo	ROLDÃO OSASCO	1	248,45	7,16	0	238,73	Pago	Sodexo Gift Pass	2024-12-28	780586	Sodexo gift pass	Banco Santander	2271	13004406		1585189	Voucher à Vista	Antecipado	Não Conciliado	2,88	1	05.800.256/0004-40
Conciliado Automático	2025-01-03	Sodexo	ROLDÃO OSASCO	1	77,41	2,23	0	74,38	Pago	Sodexo Gift Pass	2024-12-28	780589	Sodexo gift pass	Banco Santander	2271	13004406		1585189	Voucher à Vista	Antecipado	Não Conciliado	2,88	1	05.800.256/0004-40
Conciliado Automático	2025-01-03	Sodexo	ROLDÃO OSASCO	1	57	1,64	0	54,77	Pago	Sodexo Gift Pass	2024-12-28	481651	Sodexo gift pass	Banco Santander	2271	13004406		1585189	Voucher à Vista	Antecipado	Não Conciliado	2,88	1	05.800.256/0004-40
Conciliado Automático	2025-01-03	Sodexo	ROLDÃO OSASCO	1	30,39	0,87	0	29,21	Pago	Sodexo Gift Pass	2024-12-28	780595	Sodexo gift pass	Banco Santander	2271	13004406		1585189	Voucher à Vista	Antecipado	Não Conciliado	2,86	1	05.800.256/0004-40
Conciliado Automático	2025-01-03	Sodexo	ROLDÃO OSASCO	1	20,57	0,59	0	19,77	Pago	Sodexo Gift Pass	2024-12-28	780575	Sodexo gift pass	Banco Santander	2271	13004406		1585189	Voucher à Vista	Antecipado	Não Conciliado	2,87	1	05.800.256/0004-40
Conciliado Automático	2025-01-03	Sodexo	ROLDÃO OSASCO	1	164,11	4,72	0	158,12	Pago	Sodexo Gift Pass	2024-12-27	481613	Sodexo gift pass	Banco Santander	2271	13004406		1585189	Voucher à Vista	Antecipado	Não Conciliado	2,88	1	05.800.256/0004-40
Conciliado Automático	2025-01-03	Sodexo	ROLDÃO OSASCO	1	104,13	3	0	100,33	Pago	Sodexo Gift Pass	2024-12-27	481634	Sodexo gift pass	Banco Santander	2271	13004406		1585189	Voucher à Vista	Antecipado	Não Conciliado	2,88	1	05.800.256/0004-40
Conciliado Automático	2025-01-03	Sodexo	ROLDÃO OSASCO	1	66,26	1,91	0	63,84	Pago	Sodexo Gift Pass	2024-12-27	780562	Sodexo gift pass	Banco Santander	2271	13004406		1585189	Voucher à Vista	Antecipado	Não Conciliado	2,88	1	05.800.256/0004-40
Conciliado Automático	2025-01-03	Sodexo	ROLDÃO OSASCO	1	21,06	0,61	0	20,29	Pago	Sodexo Gift Pass	2024-12-27	780566	Sodexo gift pass	Banco Santander	2271	13004406		1585189	Voucher à Vista	Antecipado	Não Conciliado	2,9	1	05.800.256/0004-40
Conciliado Automático	2025-01-03	Sodexo	ROLDÃO OSASCO	1	14,23	0,41	0	13,71	Pago	Sodexo Gift Pass	2024-12-27	780561	Sodexo gift pass	Banco Santander	2271	13004406		1585189	Voucher à Vista	Antecipado	Não Conciliado	2,88	1	05.800.256/0004-40
Conciliado Automático	2025-01-03	Sodexo	ROLDÃO OSASCO II	1	98,84	2,85	0	94,97	Pago	Sodexo Gift Pass	2025-01-02	428622	Sodexo gift pass	Banco Santander	2271	13004406		2378167	Voucher à Vista	Antecipado	Não Conciliado	2,88	1	05.800.256/0039-70
Conciliado Automático	2025-01-03	Sodexo	ROLDÃO OSASCO II	1	100	2,88	0	96,09	Pago	Sodexo Gift Pass	2024-12-31	428593	Sodexo gift pass	Banco Santander	2271	13004406		2378167	Voucher à Vista	Antecipado	Não Conciliado	2,88	1	05.800.256/0039-70
Conciliado Automático	2025-01-03	Sodexo	ROLDÃO OSASCO II	1	75	2,16	0	72,07	Pago	Sodexo Premium Pass	2024-12-31	731200	Sodexo premium pass	Banco Santander	2271	13004406		2378167	Voucher à Vista	Antecipado	Não Conciliado	2,88	1	05.800.256/0039-70
Conciliado Automático	2025-01-03	Sodexo	ROLDÃO OSASCO II	1	72	2,07	0	69,19	Pago	Sodexo Premium Pass	2024-12-31	731201	Sodexo premium pass	Banco Santander	2271	13004406		2378167	Voucher à Vista	Antecipado	Não Conciliado	2,88	1	05.800.256/0039-70
Conciliado Automático	2025-01-03	Sodexo	ROLDÃO OSASCO II	1	144,57	4,16	0	138,92	Pago	Sodexo Gift Pass	2024-12-30	428551	Sodexo gift pass	Banco Santander	2271	13004406		2378167	Voucher à Vista	Antecipado	Não Conciliado	2,88	1	05.800.256/0039-70
Conciliado Automático	2025-01-03	Sodexo	ROLDÃO OSASCO II	1	84,29	2,43	0	80,99	Pago	Sodexo Gift Pass	2024-12-30	428564	Sodexo gift pass	Banco Santander	2271	13004406		2378167	Voucher à Vista	Antecipado	Não Conciliado	2,88	1	05.800.256/0039-70
Conciliado Automático	2025-01-03	Sodexo	ROLDÃO OSASCO II	1	67,94	1,96	0	65,28	Pago	Sodexo Premium Pass	2024-12-30	731173	Sodexo premium pass	Banco Santander	2271	13004406		2378167	Voucher à Vista	Antecipado	Não Conciliado	2,88	1	05.800.256/0039-70
Conciliado Automático	2025-01-03	Sodexo	ROLDÃO OSASCO II	1	4,88	0,14	0	4,69	Pago	Sodexo Premium Pass	2024-12-30	731172	Sodexo premium pass	Banco Santander	2271	13004406		2378167	Voucher à Vista	Antecipado	Não Conciliado	2,87	1	05.800.256/0039-70
Conciliado Automático	2025-01-03	Sodexo	ROLDÃO OSASCO II	1	350	10,08	0	336,31	Pago	Sodexo Premium Pass	2024-12-29	731157	Sodexo premium pass	Banco Santander	2271	13004406		2378167	Voucher à Vista	Antecipado	Não Conciliado	2,88	1	05.800.256/0039-70
Conciliado Automático	2025-01-03	Sodexo	ROLDÃO OSASCO II	1	60,65	1,75	0	58,28	Pago	Sodexo Gift Pass	2024-12-29	731169	Sodexo gift pass	Banco Santander	2271	13004406		2378167	Voucher à Vista	Antecipado	Não Conciliado	2,89	1	05.800.256/0039-70
Conciliado Automático	2025-01-03	Sodexo	ROLDÃO OSASCO II	1	188,57	5,43	0	181,2	Pago	Sodexo Gift Pass	2024-12-28	731153	Sodexo gift pass	Banco Santander	2271	13004406		2378167	Voucher à Vista	Antecipado	Não Conciliado	2,88	1	05.800.256/0039-70
Conciliado Automático	2025-01-03	Sodexo	ROLDÃO OSASCO II	1	81,4	2,35	0	78,21	Pago	Sodexo Gift Pass	2024-12-28	731135	Sodexo gift pass	Banco Santander	2271	13004406		2378167	Voucher à Vista	Antecipado	Não Conciliado	2,89	1	05.800.256/0039-70
Conciliado Automático	2025-01-03	Sodexo	ROLDÃO OSASCO II	1	30	0,86	0	28,83	Pago	Sodexo Gift Pass	2024-12-28	731136	Sodexo gift pass	Banco Santander	2271	13004406		2378167	Voucher à Vista	Antecipado	Não Conciliado	2,87	1	05.800.256/0039-70
Conciliado Automático	2025-01-03	Sodexo	ROLDÃO OSASCO II	1	350	10,08	0	337,22	Pago	Sodexo Gift Pass	2024-12-27	731114	Sodexo gift pass	Banco Santander	2271	13004406		2378167	Voucher à Vista	Antecipado	Não Conciliado	2,88	1	05.800.256/0039-70
Conciliado Automático	2025-01-03	Sodexo	ROLDÃO PRAIA GRANDE	1	19,69	0,57	0	18,92	Pago	Sodexo Gift Pass	2025-01-02	460712	Sodexo gift pass	Banco Santander	2271	13004406		1585208	Voucher à Vista	Antecipado	Não Conciliado	2,89	1	05.800.256/0012-50
Conciliado Automático	2025-01-03	Sodexo	ROLDÃO PRAIA GRANDE	1	17	0,49	0	16,33	Pago	Sodexo Gift Pass	2025-01-02	460708	Sodexo gift pass	Banco Santander	2271	13004406		1585208	Voucher à Vista	Antecipado	Não Conciliado	2,88	1	05.800.256/0012-50
Conciliado Automático	2025-01-03	Sodexo	ROLDÃO PRAIA GRANDE	1	14,65	0,42	0	14,08	Pago	Sodexo Gift Pass	2024-12-31	460700	Sodexo gift pass	Banco Santander	2271	13004406		1585208	Voucher à Vista	Antecipado	Não Conciliado	2,87	1	05.800.256/0012-50
Conciliado Automático	2025-01-03	Sodexo	ROLDÃO PRAIA GRANDE	1	11,9	0,34	0	11,44	Pago	Sodexo Gift Pass	2024-12-31	460681	Sodexo gift pass	Banco Santander	2271	13004406		1585208	Voucher à Vista	Antecipado	Não Conciliado	2,86	1	05.800.256/0012-50
Conciliado Automático	2025-01-03	Sodexo	ROLDÃO PRAIA GRANDE	1	151,52	4,36	0	145,6	Pago	Sodexo Gift Pass	2024-12-30	460636	Sodexo gift pass	Banco Santander	2271	13004406		1585208	Voucher à Vista	Antecipado	Não Conciliado	2,88	1	05.800.256/0012-50
Conciliado Automático	2025-01-03	Sodexo	ROLDÃO PRAIA GRANDE	1	50	1,44	0	48,04	Pago	Sodexo Gift Pass	2024-12-30	460642	Sodexo gift pass	Banco Santander	2271	13004406		1585208	Voucher à Vista	Antecipado	Não Conciliado	2,88	1	05.800.256/0012-50
Conciliado Automático	2025-01-03	Sodexo	ROLDÃO PRAIA GRANDE	1	44,96	1,29	0	43,21	Pago	Sodexo Gift Pass	2024-12-30	460638	Sodexo gift pass	Banco Santander	2271	13004406		1585208	Voucher à Vista	Antecipado	Não Conciliado	2,87	1	05.800.256/0012-50
Conciliado Automático	2025-01-03	Sodexo	ROLDÃO PRAIA GRANDE	1	42,97	1,24	0	41,29	Pago	Sodexo Gift Pass	2024-12-30	765685	Sodexo gift pass	Banco Santander	2271	13004406		1585208	Voucher à Vista	Antecipado	Não Conciliado	2,89	1	05.800.256/0012-50
Conciliado Automático	2025-01-03	Sodexo	ROLDÃO PRAIA GRANDE	1	9,99	0,29	0	9,6	Pago	Sodexo Gift Pass	2024-12-30	460608	Sodexo gift pass	Banco Santander	2271	13004406		1585208	Voucher à Vista	Antecipado	Não Conciliado	2,9	1	05.800.256/0012-50
Conciliado Automático	2025-01-03	Sodexo	ROLDÃO PRAIA GRANDE	1	305,19	8,79	0	293,25	Pago	Sodexo Gift Pass	2024-12-29	460586	Sodexo gift pass	Banco Santander	2271	13004406		1585208	Voucher à Vista	Antecipado	Não Conciliado	2,88	1	05.800.256/0012-50
Conciliado Automático	2025-01-03	Sodexo	ROLDÃO PRAIA GRANDE	1	138,1	3,98	0	132,7	Pago	Sodexo Gift Pass	2024-12-29	765640	Sodexo gift pass	Banco Santander	2271	13004406		1585208	Voucher à Vista	Antecipado	Não Conciliado	2,88	1	05.800.256/0012-50
Conciliado Automático	2025-01-03	Sodexo	ROLDÃO PRAIA GRANDE	1	126,25	3,64	0	121,31	Pago	Sodexo Gift Pass	2024-12-29	460581	Sodexo gift pass	Banco Santander	2271	13004406		1585208	Voucher à Vista	Antecipado	Não Conciliado	2,88	1	05.800.256/0012-50
Conciliado Automático	2025-01-03	Sodexo	ROLDÃO PRAIA GRANDE	1	125,47	3,61	0	120,57	Pago	Sodexo Gift Pass	2024-12-29	460592	Sodexo gift pass	Banco Santander	2271	13004406		1585208	Voucher à Vista	Antecipado	Não Conciliado	2,88	1	05.800.256/0012-50
Conciliado Automático	2025-01-03	Sodexo	ROLDÃO PRAIA GRANDE	1	38,94	1,12	0	37,42	Pago	Sodexo Gift Pass	2024-12-29	460585	Sodexo gift pass	Banco Santander	2271	13004406		1585208	Voucher à Vista	Antecipado	Não Conciliado	2,88	1	05.800.256/0012-50
Conciliado Automático	2025-01-03	Sodexo	ROLDÃO PRAIA GRANDE	1	17	0,49	0	16,33	Pago	Sodexo Gift Pass	2024-12-29	460584	Sodexo gift pass	Banco Santander	2271	13004406		1585208	Voucher à Vista	Antecipado	Não Conciliado	2,88	1	05.800.256/0012-50
Conciliado Automático	2025-01-03	Sodexo	ROLDÃO PRAIA GRANDE	1	156,86	4,52	0	150,73	Pago	Sodexo Gift Pass	2024-12-28	460526	Sodexo gift pass	Banco Santander	2271	13004406		1585208	Voucher à Vista	Antecipado	Não Conciliado	2,88	1	05.800.256/0012-50
Conciliado Automático	2025-01-03	Sodexo	ROLDÃO PRAIA GRANDE	1	150,8	4,34	0	144,91	Pago	Sodexo Gift Pass	2024-12-28	460539	Sodexo gift pass	Banco Santander	2271	13004406		1585208	Voucher à Vista	Antecipado	Não Conciliado	2,88	1	05.800.256/0012-50
Conciliado Automático	2025-01-03	Sodexo	ROLDÃO PRAIA GRANDE	1	135,62	3,91	0	130,31	Pago	Sodexo Gift Pass	2024-12-28	765614	Sodexo gift pass	Banco Santander	2271	13004406		1585208	Voucher à Vista	Antecipado	Não Conciliado	2,88	1	05.800.256/0012-50
Conciliado Automático	2025-01-03	Sodexo	ROLDÃO PRAIA GRANDE	1	53,97	1,55	0	51,86	Pago	Sodexo Gift Pass	2024-12-28	460510	Sodexo gift pass	Banco Santander	2271	13004406		1585208	Voucher à Vista	Antecipado	Não Conciliado	2,87	1	05.800.256/0012-50
Conciliado Automático	2025-01-03	Sodexo	ROLDÃO PRAIA GRANDE	1	350	10,08	0	337,22	Pago	Sodexo Gift Pass	2024-12-27	765584	Sodexo gift pass	Banco Santander	2271	13004406		1585208	Voucher à Vista	Antecipado	Não Conciliado	2,88	1	05.800.256/0012-50
Conciliado Automático	2025-01-03	Sodexo	ROLDÃO PRAIA GRANDE II	1	66,05	1,9	0	63,47	Pago	Sodexo Gift Pass	2025-01-02	711035	Sodexo gift pass	Banco Santander	2271	13004406		2923619	Voucher à Vista	Antecipado	Não Conciliado	2,88	1	05.800.256/0053-28
Conciliado Automático	2025-01-03	Sodexo	ROLDÃO PRAIA GRANDE II	1	25	0,72	0	24,02	Pago	Sodexo Premium Pass	2024-12-31	711023	Sodexo premium pass	Banco Santander	2271	13004406		2923619	Voucher à Vista	Antecipado	Não Conciliado	2,88	1	05.800.256/0053-28
Conciliado Automático	2025-01-03	Sodexo	ROLDÃO PRAIA GRANDE II	1	144,64	4,17	0	138,98	Pago	Sodexo Gift Pass	2024-12-30	710966	Sodexo gift pass	Banco Santander	2271	13004406		2923619	Voucher à Vista	Antecipado	Não Conciliado	2,88	1	05.800.256/0053-28
Conciliado Automático	2025-01-03	Sodexo	ROLDÃO PRAIA GRANDE II	1	45,02	1,29	0	43,27	Pago	Sodexo Premium Pass	2024-12-29	710942	Sodexo premium pass	Banco Santander	2271	13004406		2923619	Voucher à Vista	Antecipado	Não Conciliado	2,87	1	05.800.256/0053-28
Conciliado Automático	2025-01-03	Sodexo	ROLDÃO PRAIA GRANDE II	1	30,47	0,88	0	29,28	Pago	Sodexo Premium Pass	2024-12-29	710962	Sodexo premium pass	Banco Santander	2271	13004406		2923619	Voucher à Vista	Antecipado	Não Conciliado	2,89	1	05.800.256/0053-28
Conciliado Automático	2025-01-03	Sodexo	ROLDÃO PRAIA GRANDE II	1	1,6	0,05	0	1,53	Pago	Sodexo Premium Pass	2024-12-29	710941	Sodexo premium pass	Banco Santander	2271	13004406		2923619	Voucher à Vista	Antecipado	Não Conciliado	3,13	1	05.800.256/0053-28
Conciliado Automático	2025-01-03	Sodexo	ROLDÃO PRAIA GRANDE II	1	247,83	7,14	0	238,13	Pago	Sodexo Gift Pass	2024-12-28	710915	Sodexo gift pass	Banco Santander	2271	13004406		2923619	Voucher à Vista	Antecipado	Não Conciliado	2,88	1	05.800.256/0053-28
Conciliado Automático	2025-01-03	Sodexo	ROLDÃO PRAIA GRANDE II	1	140	4,03	0	134,53	Pago	Sodexo Gift Pass	2024-12-28	410744	Sodexo gift pass	Banco Santander	2271	13004406		2923619	Voucher à Vista	Antecipado	Não Conciliado	2,88	1	05.800.256/0053-28
Conciliado Automático	2025-01-03	Sodexo	ROLDÃO PRAIA GRANDE II	1	36,13	1,04	0	34,72	Pago	Sodexo Gift Pass	2024-12-28	410724	Sodexo gift pass	Banco Santander	2271	13004406		2923619	Voucher à Vista	Antecipado	Não Conciliado	2,88	1	05.800.256/0053-28
Conciliado Automático	2025-01-03	Sodexo	ROLDÃO PRAIA GRANDE II	1	66,33	1,91	0	63,91	Pago	Sodexo Gift Pass	2024-12-27	410680	Sodexo gift pass	Banco Santander	2271	13004406		2923619	Voucher à Vista	Antecipado	Não Conciliado	2,88	1	05.800.256/0053-28
Conciliado Automático	2025-01-03	Sodexo	ROLDÃO PRAIA GRANDE II	1	13,98	0,4	0	13,47	Pago	Sodexo Gift Pass	2024-12-27	410681	Sodexo gift pass	Banco Santander	2271	13004406		2923619	Voucher à Vista	Antecipado	Não Conciliado	2,86	1	05.800.256/0053-28
Conciliado Automático	2025-01-03	Sodexo	ROLDÃO SALTO	1	42,93	1,24	0	41,25	Pago	Sodexo Gift Pass	2025-01-02	713700	Sodexo gift pass	Banco Santander	2271	13004406		2786800	Voucher à Vista	Antecipado	Não Conciliado	2,89	1	05.800.256/0047-80
Conciliado Automático	2025-01-03	Sodexo	ROLDÃO SALTO	1	17,44	0,5	0	16,76	Pago	Sodexo Gift Pass	2025-01-02	713706	Sodexo gift pass	Banco Santander	2271	13004406		2786800	Voucher à Vista	Antecipado	Não Conciliado	2,87	1	05.800.256/0047-80
Conciliado Automático	2025-01-03	Sodexo	ROLDÃO SALTO	1	217,57	6,27	0	209,06	Pago	Sodexo Gift Pass	2024-12-31	713687	Sodexo gift pass	Banco Santander	2271	13004406		2786800	Voucher à Vista	Antecipado	Não Conciliado	2,88	1	05.800.256/0047-80
Conciliado Automático	2025-01-03	Sodexo	ROLDÃO SALTO	1	50	1,44	0	48,04	Pago	Sodexo Gift Pass	2024-12-31	713692	Sodexo gift pass	Banco Santander	2271	13004406		2786800	Voucher à Vista	Antecipado	Não Conciliado	2,88	1	05.800.256/0047-80
Conciliado Automático	2025-01-03	Sodexo	ROLDÃO SALTO	1	44,25	1,26	0	42,54	Pago	Sodexo Gift Pass	2024-12-31	414301	Sodexo gift pass	Banco Santander	2271	13004406		2786800	Voucher à Vista	Antecipado	Não Conciliado	2,85	1	05.800.256/0047-80
Conciliado Automático	2025-01-03	Sodexo	ROLDÃO SALTO	1	40,5	1,17	0	38,91	Pago	Sodexo Gift Pass	2024-12-31	713691	Sodexo gift pass	Banco Santander	2271	13004406		2786800	Voucher à Vista	Antecipado	Não Conciliado	2,89	1	05.800.256/0047-80
Conciliado Automático	2025-01-03	Sodexo	ROLDÃO SALTO	1	33,61	0,97	0	32,29	Pago	Sodexo Gift Pass	2024-12-31	713693	Sodexo gift pass	Banco Santander	2271	13004406		2786800	Voucher à Vista	Antecipado	Não Conciliado	2,89	1	05.800.256/0047-80
Conciliado Automático	2025-01-03	Sodexo	ROLDÃO SALTO	1	20	0,58	0	19,21	Pago	Sodexo Gift Pass	2024-12-31	414300	Sodexo gift pass	Banco Santander	2271	13004406		2786800	Voucher à Vista	Antecipado	Não Conciliado	2,9	1	05.800.256/0047-80
Conciliado Automático	2025-01-03	Sodexo	ROLDÃO SALTO	1	207,72	5,99	0	199,59	Pago	Sodexo Gift Pass	2024-12-29	414262	Sodexo gift pass	Banco Santander	2271	13004406		2786800	Voucher à Vista	Antecipado	Não Conciliado	2,88	1	05.800.256/0047-80
Conciliado Automático	2025-01-03	Sodexo	ROLDÃO SALTO	1	115,38	3,32	0	110,87	Pago	Sodexo Gift Pass	2024-12-29	414266	Sodexo gift pass	Banco Santander	2271	13004406		2786800	Voucher à Vista	Antecipado	Não Conciliado	2,88	1	05.800.256/0047-80
Conciliado Automático	2025-01-03	Sodexo	ROLDÃO SALTO	1	87,42	2,52	0	84	Pago	Sodexo Gift Pass	2024-12-28	713653	Sodexo gift pass	Banco Santander	2271	13004406		2786800	Voucher à Vista	Antecipado	Não Conciliado	2,88	1	05.800.256/0047-80
Conciliado Automático	2025-01-03	Sodexo	ROLDÃO SALTO	1	300	8,64	0	289,05	Pago	Sodexo Gift Pass	2024-12-27	713648	Sodexo gift pass	Banco Santander	2271	13004406		2786800	Voucher à Vista	Antecipado	Não Conciliado	2,88	1	05.800.256/0047-80
Conciliado Automático	2025-01-03	Sodexo	ROLDÃO SALTO	1	37,5	1,08	0	36,13	Pago	Sodexo Gift Pass	2024-12-27	414231	Sodexo gift pass	Banco Santander	2271	13004406		2786800	Voucher à Vista	Antecipado	Não Conciliado	2,88	1	05.800.256/0047-80
Conciliado Automático	2025-01-03	Sodexo	ROLDÃO SALTO	1	1,99	0,06	0	1,91	Pago	Sodexo Gift Pass	2024-12-27	414222	Sodexo gift pass	Banco Santander	2271	13004406		2786800	Voucher à Vista	Antecipado	Não Conciliado	3,02	1	05.800.256/0047-80
Conciliado Automático	2025-01-03	Sodexo	ROLDÃO SANTANA	1	144,71	4,17	0	139,05	Pago	Sodexo Gift Pass	2024-12-30	736733	Sodexo gift pass	Banco Santander	2271	13004406		2598127	Voucher à Vista	Antecipado	Não Conciliado	2,88	1	05.800.256/0043-56
Conciliado Automático	2025-01-03	Sodexo	ROLDÃO SANTANA	1	100	2,88	0	96,09	Pago	Sodexo Gift Pass	2024-12-30	736736	Sodexo gift pass	Banco Santander	2271	13004406		2598127	Voucher à Vista	Antecipado	Não Conciliado	2,88	1	05.800.256/0043-56
Conciliado Automático	2025-01-03	Sodexo	ROLDÃO SANTANA	1	61,24	1,76	0	58,85	Pago	Sodexo Gift Pass	2024-12-28	736678	Sodexo gift pass	Banco Santander	2271	13004406		2598127	Voucher à Vista	Antecipado	Não Conciliado	2,87	1	05.800.256/0043-56
Conciliado Automático	2025-01-03	Sodexo	ROLDÃO SANTANA	1	447,93	12,9	0	431,57	Pago	Sodexo Gift Pass	2024-12-27	437383	Sodexo gift pass	Banco Santander	2271	13004406		2598127	Voucher à Vista	Antecipado	Não Conciliado	2,88	1	05.800.256/0043-56
Conciliado Automático	2025-01-03	Sodexo	ROLDÃO SANTO AMARO - NAÇÕES	1	37,81	1,09	0	36,33	Pago	Sodexo Gift Pass	2025-01-02	766123	Sodexo gift pass	Banco Santander	2271	13004406		1585220	Voucher à Vista	Antecipado	Não Conciliado	2,88	1	05.800.256/0021-40
Conciliado Automático	2025-01-03	Sodexo	ROLDÃO SANTO AMARO - NAÇÕES	1	4,47	0,13	0	4,29	Pago	Sodexo Gift Pass	2025-01-02	766117	Sodexo gift pass	Banco Santander	2271	13004406		1585220	Voucher à Vista	Antecipado	Não Conciliado	2,91	1	05.800.256/0021-40
Conciliado Automático	2025-01-03	Sodexo	ROLDÃO SANTO AMARO - NAÇÕES	1	110,79	3,19	0	106,45	Pago	Sodexo Gift Pass	2024-12-31	463775	Sodexo gift pass	Banco Santander	2271	13004406		1585220	Voucher à Vista	Antecipado	Não Conciliado	2,88	1	05.800.256/0021-40
Conciliado Automático	2025-01-03	Sodexo	ROLDÃO SANTO AMARO - NAÇÕES	1	103,12	2,97	0	99,09	Pago	Sodexo Gift Pass	2024-12-31	766102	Sodexo gift pass	Banco Santander	2271	13004406		1585220	Voucher à Vista	Antecipado	Não Conciliado	2,88	1	05.800.256/0021-40
Conciliado Automático	2025-01-03	Sodexo	ROLDÃO SANTO AMARO - NAÇÕES	1	68,45	1,97	0	65,77	Pago	Sodexo Premium Pass	2024-12-31	463780	Sodexo premium pass	Banco Santander	2271	13004406		1585220	Voucher à Vista	Antecipado	Não Conciliado	2,88	1	05.800.256/0021-40
Conciliado Automático	2025-01-03	Sodexo	ROLDÃO SANTO AMARO - NAÇÕES	1	9	0,26	0	8,65	Pago	Sodexo Gift Pass	2024-12-31	463778	Sodexo gift pass	Banco Santander	2271	13004406		1585220	Voucher à Vista	Antecipado	Não Conciliado	2,89	1	05.800.256/0021-40
Conciliado Automático	2025-01-03	Sodexo	ROLDÃO SANTO AMARO - NAÇÕES	1	400	11,52	0	384,36	Pago	Sodexo Gift Pass	2024-12-30	463752	Sodexo gift pass	Banco Santander	2271	13004406		1585220	Voucher à Vista	Antecipado	Não Conciliado	2,88	1	05.800.256/0021-40
Conciliado Automático	2025-01-03	Sodexo	ROLDÃO SANTO AMARO - NAÇÕES	1	114	3,28	0	109,55	Pago	Sodexo Gift Pass	2024-12-30	463749	Sodexo gift pass	Banco Santander	2271	13004406		1585220	Voucher à Vista	Antecipado	Não Conciliado	2,88	1	05.800.256/0021-40
Conciliado Automático	2025-01-03	Sodexo	ROLDÃO SANTO AMARO - NAÇÕES	1	100	2,88	0	96,09	Pago	Sodexo Gift Pass	2024-12-30	463754	Sodexo gift pass	Banco Santander	2271	13004406		1585220	Voucher à Vista	Antecipado	Não Conciliado	2,88	1	05.800.256/0021-40
Conciliado Automático	2025-01-03	Sodexo	ROLDÃO SANTO AMARO - NAÇÕES	1	34,76	1	0	33,4	Pago	Sodexo Gift Pass	2024-12-29	463736	Sodexo gift pass	Banco Santander	2271	13004406		1585220	Voucher à Vista	Antecipado	Não Conciliado	2,88	1	05.800.256/0021-40
Conciliado Automático	2025-01-03	Sodexo	ROLDÃO SANTO AMARO - NAÇÕES	1	120	3,46	0	115,3	Pago	Sodexo Gift Pass	2024-12-28	463721	Sodexo gift pass	Banco Santander	2271	13004406		1585220	Voucher à Vista	Antecipado	Não Conciliado	2,88	1	05.800.256/0021-40
Conciliado Automático	2025-01-03	Sodexo	ROLDÃO SANTO AMARO - NAÇÕES	1	12,34	0,36	0	11,88	Pago	Sodexo Gift Pass	2024-12-27	463694	Sodexo gift pass	Banco Santander	2271	13004406		1585220	Voucher à Vista	Antecipado	Não Conciliado	2,92	1	05.800.256/0021-40
Conciliado Automático	2025-01-03	Sodexo	ROLDÃO SANTOS	1	197,09	5,68	0	189,38	Pago	Sodexo Gift Pass	2024-12-30	778856	Sodexo gift pass	Banco Santander	2271	13004406		1716808	Voucher à Vista	Antecipado	Não Conciliado	2,88	1	05.800.256/0029-06
Conciliado Automático	2025-01-03	Sodexo	ROLDÃO SANTOS	1	150	4,32	0	144,13	Pago	Sodexo Gift Pass	2024-12-29	778810	Sodexo gift pass	Banco Santander	2271	13004406		1716808	Voucher à Vista	Antecipado	Não Conciliado	2,88	1	05.800.256/0029-06
Conciliado Automático	2025-01-03	Sodexo	ROLDÃO SANTOS	1	100,03	2,88	0	96,12	Pago	Sodexo Gift Pass	2024-12-29	778817	Sodexo gift pass	Banco Santander	2271	13004406		1716808	Voucher à Vista	Antecipado	Não Conciliado	2,88	1	05.800.256/0029-06
Conciliado Automático	2025-01-03	Sodexo	ROLDÃO SANTOS	1	68,29	1,97	0	65,62	Pago	Sodexo Gift Pass	2024-12-29	478366	Sodexo gift pass	Banco Santander	2271	13004406		1716808	Voucher à Vista	Antecipado	Não Conciliado	2,88	1	05.800.256/0029-06
Conciliado Automático	2025-01-03	Sodexo	ROLDÃO SANTOS	1	63,27	1,82	0	60,8	Pago	Sodexo Gift Pass	2024-12-29	778827	Sodexo gift pass	Banco Santander	2271	13004406		1716808	Voucher à Vista	Antecipado	Não Conciliado	2,88	1	05.800.256/0029-06
Conciliado Automático	2025-01-03	Sodexo	ROLDÃO SANTOS	1	59,95	1,73	0	57,61	Pago	Sodexo Gift Pass	2024-12-28	478318	Sodexo gift pass	Banco Santander	2271	13004406		1716808	Voucher à Vista	Antecipado	Não Conciliado	2,89	1	05.800.256/0029-06
Conciliado Automático	2025-01-03	Sodexo	ROLDÃO SANTOS	1	11,22	0,32	0	10,78	Pago	Sodexo Gift Pass	2024-12-28	478319	Sodexo gift pass	Banco Santander	2271	13004406		1716808	Voucher à Vista	Antecipado	Não Conciliado	2,85	1	05.800.256/0029-06
Conciliado Automático	2025-01-03	Sodexo	ROLDÃO SANTOS	1	148,46	4,28	0	143,03	Pago	Sodexo Gift Pass	2024-12-27	778762	Sodexo gift pass	Banco Santander	2271	13004406		1716808	Voucher à Vista	Antecipado	Não Conciliado	2,88	1	05.800.256/0029-06
Conciliado Automático	2025-01-03	Sodexo	ROLDÃO SÃO JOSÉ	1	178,25	5,13	0	171,29	Pago	Sodexo Gift Pass	2024-12-29	759807	Sodexo gift pass	Banco Santander	2271	13004406		1634325	Voucher à Vista	Antecipado	Não Conciliado	2,88	1	05.800.256/0026-55
Conciliado Automático	2025-01-03	Sodexo	ROLDÃO SÃO JOSÉ	1	80,27	2,31	0	77,13	Pago	Sodexo Gift Pass	2024-12-29	759808	Sodexo gift pass	Banco Santander	2271	13004406		1634325	Voucher à Vista	Antecipado	Não Conciliado	2,88	1	05.800.256/0026-55
Conciliado Automático	2025-01-03	Sodexo	ROLDÃO SÃO JOSÉ	1	1,75	0,05	0	1,68	Pago	Sodexo Gift Pass	2024-12-29	759806	Sodexo gift pass	Banco Santander	2271	13004406		1634325	Voucher à Vista	Antecipado	Não Conciliado	2,86	1	05.800.256/0026-55
Conciliado Automático	2025-01-03	Sodexo	ROLDÃO SÃO JOSÉ	1	130	3,74	0	124,92	Pago	Sodexo Gift Pass	2024-12-28	759792	Sodexo gift pass	Banco Santander	2271	13004406		1634325	Voucher à Vista	Antecipado	Não Conciliado	2,88	1	05.800.256/0026-55
Conciliado Automático	2025-01-03	Sodexo	ROLDÃO SÃO JOSÉ	1	170	4,9	0	163,79	Pago	Sodexo Gift Pass	2024-12-27	458184	Sodexo gift pass	Banco Santander	2271	13004406		1634325	Voucher à Vista	Antecipado	Não Conciliado	2,88	1	05.800.256/0026-55
Conciliado Automático	2025-01-03	Sodexo	ROLDÃO SOROCABA	1	34,36	0,99	0	33,01	Pago	Sodexo Gift Pass	2025-01-02	743700	Sodexo gift pass	Banco Santander	2271	13004406		1585218	Voucher à Vista	Antecipado	Não Conciliado	2,88	1	05.800.256/0017-64
Conciliado Automático	2025-01-03	Sodexo	ROLDÃO SOROCABA	1	30,75	0,89	0	29,54	Pago	Sodexo Gift Pass	2025-01-02	439099	Sodexo gift pass	Banco Santander	2271	13004406		1585218	Voucher à Vista	Antecipado	Não Conciliado	2,89	1	05.800.256/0017-64
Conciliado Automático	2025-01-03	Sodexo	ROLDÃO SOROCABA	1	17,64	0,51	0	16,95	Pago	Sodexo Gift Pass	2025-01-02	743693	Sodexo gift pass	Banco Santander	2271	13004406		1585218	Voucher à Vista	Antecipado	Não Conciliado	2,89	1	05.800.256/0017-64
Conciliado Automático	2025-01-03	Sodexo	ROLDÃO SOROCABA	1	106,47	3,07	0	102,3	Pago	Sodexo Gift Pass	2024-12-31	743676	Sodexo gift pass	Banco Santander	2271	13004406		1585218	Voucher à Vista	Antecipado	Não Conciliado	2,88	1	05.800.256/0017-64
Conciliado Automático	2025-01-03	Sodexo	ROLDÃO SOROCABA	1	25,69	0,74	0	24,69	Pago	Sodexo Gift Pass	2024-12-31	743660	Sodexo gift pass	Banco Santander	2271	13004406		1585218	Voucher à Vista	Antecipado	Não Conciliado	2,88	1	05.800.256/0017-64
Conciliado Automático	2025-01-03	Sodexo	ROLDÃO SOROCABA	1	61,39	1,77	0	58,99	Pago	Sodexo Gift Pass	2024-12-30	439068	Sodexo gift pass	Banco Santander	2271	13004406		1585218	Voucher à Vista	Antecipado	Não Conciliado	2,88	1	05.800.256/0017-64
Conciliado Automático	2025-01-03	Sodexo	ROLDÃO SOROCABA	1	50	1,44	0	48,04	Pago	Sodexo Gift Pass	2024-12-30	743654	Sodexo gift pass	Banco Santander	2271	13004406		1585218	Voucher à Vista	Antecipado	Não Conciliado	2,88	1	05.800.256/0017-64
Conciliado Automático	2025-01-03	Sodexo	ROLDÃO SOROCABA	1	16,29	0,47	0	15,65	Pago	Sodexo Gift Pass	2024-12-30	743641	Sodexo gift pass	Banco Santander	2271	13004406		1585218	Voucher à Vista	Antecipado	Não Conciliado	2,89	1	05.800.256/0017-64
Conciliado Automático	2025-01-03	Sodexo	ROLDÃO SOROCABA	1	154,47	4,45	0	148,43	Pago	Sodexo Gift Pass	2024-12-29	743614	Sodexo gift pass	Banco Santander	2271	13004406		1585218	Voucher à Vista	Antecipado	Não Conciliado	2,88	1	05.800.256/0017-64
Conciliado Automático	2025-01-03	Sodexo	ROLDÃO SOROCABA	1	100	2,88	0	96,09	Pago	Sodexo Premium Pass	2024-12-29	439039	Sodexo premium pass	Banco Santander	2271	13004406		1585218	Voucher à Vista	Antecipado	Não Conciliado	2,88	1	05.800.256/0017-64
Conciliado Automático	2025-01-03	Sodexo	ROLDÃO SOROCABA	1	56,52	1,63	0	54,31	Pago	Sodexo Gift Pass	2024-12-29	439043	Sodexo gift pass	Banco Santander	2271	13004406		1585218	Voucher à Vista	Antecipado	Não Conciliado	2,88	1	05.800.256/0017-64
Conciliado Automático	2025-01-03	Sodexo	ROLDÃO SOROCABA	1	42,88	1,23	0	41,21	Pago	Sodexo Gift Pass	2024-12-29	743621	Sodexo gift pass	Banco Santander	2271	13004406		1585218	Voucher à Vista	Antecipado	Não Conciliado	2,87	1	05.800.256/0017-64
Conciliado Automático	2025-01-03	Sodexo	ROLDÃO SOROCABA	1	40,29	1,16	0	38,71	Pago	Sodexo Gift Pass	2024-12-29	439035	Sodexo gift pass	Banco Santander	2271	13004406		1585218	Voucher à Vista	Antecipado	Não Conciliado	2,88	1	05.800.256/0017-64
Conciliado Automático	2025-01-03	Sodexo	ROLDÃO SOROCABA	1	32,35	0,93	0	31,08	Pago	Sodexo Gift Pass	2024-12-28	439021	Sodexo gift pass	Banco Santander	2271	13004406		1585218	Voucher à Vista	Antecipado	Não Conciliado	2,87	1	05.800.256/0017-64
Conciliado Automático	2025-01-03	Sodexo	ROLDÃO SOROCABA	1	10,09	0,29	0	9,7	Pago	Sodexo Gift Pass	2024-12-28	439025	Sodexo gift pass	Banco Santander	2271	13004406		1585218	Voucher à Vista	Antecipado	Não Conciliado	2,87	1	05.800.256/0017-64
Conciliado Automático	2025-01-03	Sodexo	ROLDÃO SOROCABA	1	3,19	0,09	0	3,07	Pago	Sodexo Gift Pass	2024-12-28	743584	Sodexo gift pass	Banco Santander	2271	13004406		1585218	Voucher à Vista	Antecipado	Não Conciliado	2,82	1	05.800.256/0017-64
Conciliado Automático	2025-01-03	Sodexo	ROLDÃO SOROCABA	1	302,76	8,72	0	291,7	Pago	Sodexo Gift Pass	2024-12-27	439010	Sodexo gift pass	Banco Santander	2271	13004406		1585218	Voucher à Vista	Antecipado	Não Conciliado	2,88	1	05.800.256/0017-64
Conciliado Automático	2025-01-03	Sodexo	ROLDÃO STO. ANDRÉ	1	101,5	2,92	0	97,53	Pago	Sodexo Gift Pass	2024-12-31	730550	Sodexo gift pass	Banco Santander	2271	13004406		1585193	Voucher à Vista	Antecipado	Não Conciliado	2,88	1	05.800.256/0007-92
Conciliado Automático	2025-01-03	Sodexo	ROLDÃO STO. ANDRÉ	1	6,48	0,19	0	6,22	Pago	Sodexo Gift Pass	2024-12-30	730542	Sodexo gift pass	Banco Santander	2271	13004406		1585193	Voucher à Vista	Antecipado	Não Conciliado	2,93	1	05.800.256/0007-92
Conciliado Automático	2025-01-03	Sodexo	ROLDÃO STO. ANDRÉ	1	10	0,29	0	9,61	Pago	Sodexo Gift Pass	2024-12-29	429535	Sodexo gift pass	Banco Santander	2271	13004406		1585193	Voucher à Vista	Antecipado	Não Conciliado	2,9	1	05.800.256/0007-92
Conciliado Automático	2025-01-03	Sodexo	ROLDÃO STO. ANDRÉ	1	94,81	2,73	0	91,1	Pago	Sodexo Gift Pass	2024-12-28	730526	Sodexo gift pass	Banco Santander	2271	13004406		1585193	Voucher à Vista	Antecipado	Não Conciliado	2,88	1	05.800.256/0007-92
Conciliado Automático	2025-01-03	Sodexo	ROLDÃO STO. ANDRÉ	1	150,5	4,33	0	145,01	Pago	Sodexo Gift Pass	2024-12-27	730508	Sodexo gift pass	Banco Santander	2271	13004406		1585193	Voucher à Vista	Antecipado	Não Conciliado	2,88	1	05.800.256/0007-92
Conciliado Automático	2025-01-03	Sodexo	ROLDÃO STO. ANDRÉ II	1	20,28	0,58	0	19,49	Pago	Sodexo Premium Pass	2025-01-02	725281	Sodexo premium pass	Banco Santander	2271	13004406		2247967	Voucher à Vista	Antecipado	Não Conciliado	2,86	1	05.800.256/0040-03
Conciliado Automático	2025-01-03	Sodexo	ROLDÃO STO. ANDRÉ II	1	19	0,55	0	18,25	Pago	Sodexo Gift Pass	2025-01-02	725285	Sodexo gift pass	Banco Santander	2271	13004406		2247967	Voucher à Vista	Antecipado	Não Conciliado	2,89	1	05.800.256/0040-03
Conciliado Automático	2025-01-03	Sodexo	ROLDÃO STO. ANDRÉ II	1	17,49	0,5	0	16,81	Pago	Sodexo Gift Pass	2024-12-31	425576	Sodexo gift pass	Banco Santander	2271	13004406		2247967	Voucher à Vista	Antecipado	Não Conciliado	2,86	1	05.800.256/0040-03
Conciliado Automático	2025-01-03	Sodexo	ROLDÃO STO. ANDRÉ II	1	224,12	6,45	0	215,36	Pago	Sodexo Gift Pass	2024-12-30	425567	Sodexo gift pass	Banco Santander	2271	13004406		2247967	Voucher à Vista	Antecipado	Não Conciliado	2,88	1	05.800.256/0040-03
Conciliado Automático	2025-01-03	Sodexo	ROLDÃO STO. ANDRÉ II	1	45	1,3	0	43,24	Pago	Sodexo Gift Pass	2024-12-30	725252	Sodexo gift pass	Banco Santander	2271	13004406		2247967	Voucher à Vista	Antecipado	Não Conciliado	2,89	1	05.800.256/0040-03
Conciliado Automático	2025-01-03	Sodexo	ROLDÃO STO. ANDRÉ II	1	41,41	1,19	0	39,79	Pago	Sodexo Gift Pass	2024-12-30	425571	Sodexo gift pass	Banco Santander	2271	13004406		2247967	Voucher à Vista	Antecipado	Não Conciliado	2,87	1	05.800.256/0040-03
Conciliado Automático	2025-01-03	Sodexo	ROLDÃO STO. ANDRÉ II	1	9,99	0,29	0	9,6	Pago	Sodexo Gift Pass	2024-12-30	725261	Sodexo gift pass	Banco Santander	2271	13004406		2247967	Voucher à Vista	Antecipado	Não Conciliado	2,9	1	05.800.256/0040-03
Conciliado Automático	2025-01-03	Sodexo	ROLDÃO STO. ANDRÉ II	1	23,79	0,69	0	22,92	Pago	Sodexo Gift Pass	2024-12-26	425508	Sodexo gift pass	Banco Santander	2271	13004406		2247967	Voucher à Vista	Antecipado	Não Conciliado	2,9	1	05.800.256/0040-03
Conciliado Automático	2025-01-03	Sodexo	ROLDÃO TAIPAS	1	623	17,94	0	598,64	Pago	Sodexo Gift Pass	2025-01-02	760150	Sodexo gift pass	Banco Santander	2271	13004406		1585223	Voucher à Vista	Antecipado	Não Conciliado	2,88	1	05.800.256/0025-74
Conciliado Automático	2025-01-03	Sodexo	ROLDÃO TAIPAS	1	97,37	2,8	0	93,57	Pago	Sodexo Gift Pass	2024-12-30	458631	Sodexo gift pass	Banco Santander	2271	13004406		1585223	Voucher à Vista	Antecipado	Não Conciliado	2,88	1	05.800.256/0025-74
Conciliado Automático	2025-01-03	Sodexo	ROLDÃO TAIPAS	1	335,76	9,67	0	322,63	Pago	Sodexo Gift Pass	2024-12-28	458596	Sodexo gift pass	Banco Santander	2271	13004406		1585223	Voucher à Vista	Antecipado	Não Conciliado	2,88	1	05.800.256/0025-74
Conciliado Automático	2025-01-03	Sodexo	ROLDÃO VALINHOS	1	14,86	0,43	0	14,28	Pago	Sodexo Gift Pass	2024-12-30	727644	Sodexo gift pass	Banco Santander	2271	13004406		2634390	Voucher à Vista	Antecipado	Não Conciliado	2,89	1	05.800.256/0042-75
Conciliado Automático	2025-01-03	Sodexo	ROLDÃO VALINHOS	1	169,14	4,87	0	162,53	Pago	Sodexo Premium Pass	2024-12-28	428146	Sodexo premium pass	Banco Santander	2271	13004406		2634390	Voucher à Vista	Antecipado	Não Conciliado	2,88	1	05.800.256/0042-75
Conciliado Automático	2025-01-03	Sodexo	ROLDÃO VALINHOS	1	113,31	3,26	0	108,88	Pago	Sodexo Gift Pass	2024-12-28	727602	Sodexo gift pass	Banco Santander	2271	13004406		2634390	Voucher à Vista	Antecipado	Não Conciliado	2,88	1	05.800.256/0042-75
Conciliado Automático	2025-01-03	Sodexo	ROLDÃO VALINHOS	1	2,79	0,08	0	2,68	Pago	Sodexo Premium Pass	2024-12-28	428147	Sodexo premium pass	Banco Santander	2271	13004406		2634390	Voucher à Vista	Antecipado	Não Conciliado	2,87	1	05.800.256/0042-75
Conciliado Automático	2025-01-03	Sodexo	ROLDÃO VALINHOS	1	672,41	19,37	0	647,85	Pago	Sodexo Premium Pass	2024-12-27	428121	Sodexo premium pass	Banco Santander	2271	13004406		2634390	Voucher à Vista	Antecipado	Não Conciliado	2,88	1	05.800.256/0042-75
Conciliado Automático	2025-01-03	Sodexo	ROLDÃO VALINHOS	1	36,04	1,04	0	34,72	Pago	Sodexo Gift Pass	2024-12-27	727589	Sodexo gift pass	Banco Santander	2271	13004406		2634390	Voucher à Vista	Antecipado	Não Conciliado	2,89	1	05.800.256/0042-75
Conciliado Automático	2025-01-03	Sodexo	ROLDÃO VALINHOS	1	13,99	0,4	0	13,48	Pago	Sodexo Premium Pass	2024-12-27	428118	Sodexo premium pass	Banco Santander	2271	13004406		2634390	Voucher à Vista	Antecipado	Não Conciliado	2,86	1	05.800.256/0042-75
Conciliado Automático	2025-01-03	Sodexo	ROLDÃO VILA EMA	1	233,19	6,72	0	224,07	Pago	Sodexo Gift Pass	2024-12-31	466900	Sodexo gift pass	Banco Santander	2271	13004406		2061684	Voucher à Vista	Antecipado	Não Conciliado	2,88	1	05.800.256/0036-27
Conciliado Automático	2025-01-03	Sodexo	ROLDÃO VILA EMA	1	81,78	2,36	0	78,58	Pago	Sodexo Gift Pass	2024-12-31	767440	Sodexo gift pass	Banco Santander	2271	13004406		2061684	Voucher à Vista	Antecipado	Não Conciliado	2,89	1	05.800.256/0036-27
Conciliado Automático	2025-01-03	Sodexo	ROLDÃO VILA EMA	1	40,76	1,17	0	39,17	Pago	Sodexo Gift Pass	2024-12-31	767445	Sodexo gift pass	Banco Santander	2271	13004406		2061684	Voucher à Vista	Antecipado	Não Conciliado	2,87	1	05.800.256/0036-27
Conciliado Automático	2025-01-03	Sodexo	ROLDÃO VILA EMA	1	289,5	8,34	0	278,18	Pago	Sodexo Gift Pass	2024-12-30	767401	Sodexo gift pass	Banco Santander	2271	13004406		2061684	Voucher à Vista	Antecipado	Não Conciliado	2,88	1	05.800.256/0036-27
Conciliado Automático	2025-01-03	Sodexo	ROLDÃO VILA EMA	1	125,65	3,62	0	120,74	Pago	Sodexo Gift Pass	2024-12-30	466889	Sodexo gift pass	Banco Santander	2271	13004406		2061684	Voucher à Vista	Antecipado	Não Conciliado	2,88	1	05.800.256/0036-27
Conciliado Automático	2025-01-03	Sodexo	ROLDÃO VILA EMA	1	120	3,46	0	115,31	Pago	Sodexo Gift Pass	2024-12-30	466888	Sodexo gift pass	Banco Santander	2271	13004406		2061684	Voucher à Vista	Antecipado	Não Conciliado	2,88	1	05.800.256/0036-27
Conciliado Automático	2025-01-03	Sodexo	ROLDÃO VILA EMA	1	116,32	3,35	0	111,77	Pago	Sodexo Gift Pass	2024-12-30	767410	Sodexo gift pass	Banco Santander	2271	13004406		2061684	Voucher à Vista	Antecipado	Não Conciliado	2,88	1	05.800.256/0036-27
Conciliado Automático	2025-01-03	Sodexo	ROLDÃO VILA EMA	1	39,66	1,14	0	38,11	Pago	Sodexo Gift Pass	2024-12-30	466877	Sodexo gift pass	Banco Santander	2271	13004406		2061684	Voucher à Vista	Antecipado	Não Conciliado	2,87	1	05.800.256/0036-27
Conciliado Automático	2025-01-03	Sodexo	ROLDÃO VILA EMA	1	118,92	3,42	0	114,28	Pago	Sodexo Gift Pass	2024-12-29	466849	Sodexo gift pass	Banco Santander	2271	13004406		2061684	Voucher à Vista	Antecipado	Não Conciliado	2,88	1	05.800.256/0036-27
Conciliado Automático	2025-01-03	Sodexo	ROLDÃO VILA EMA	1	107,28	3,09	0	103,08	Pago	Sodexo Gift Pass	2024-12-29	466846	Sodexo gift pass	Banco Santander	2271	13004406		2061684	Voucher à Vista	Antecipado	Não Conciliado	2,88	1	05.800.256/0036-27
Conciliado Automático	2025-01-03	Sodexo	ROLDÃO VILA EMA	1	250	7,2	0	240,22	Pago	Sodexo Gift Pass	2024-12-28	767353	Sodexo gift pass	Banco Santander	2271	13004406		2061684	Voucher à Vista	Antecipado	Não Conciliado	2,88	1	05.800.256/0036-27
Conciliado Automático	2025-01-03	Sodexo	ROLDÃO VILA EMA	1	196,94	5,67	0	189,24	Pago	Sodexo Gift Pass	2024-12-28	767344	Sodexo gift pass	Banco Santander	2271	13004406		2061684	Voucher à Vista	Antecipado	Não Conciliado	2,88	1	05.800.256/0036-27
Conciliado Automático	2025-01-03	Sodexo	ROLDÃO VILA EMA	1	110	3,17	0	105,7	Pago	Sodexo Gift Pass	2024-12-28	466832	Sodexo gift pass	Banco Santander	2271	13004406		2061684	Voucher à Vista	Antecipado	Não Conciliado	2,88	1	05.800.256/0036-27
Conciliado Automático	2025-01-03	Sodexo	ROLDÃO VILA EMA	1	59,74	1,72	0	57,4	Pago	Sodexo Gift Pass	2024-12-28	466841	Sodexo gift pass	Banco Santander	2271	13004406		2061684	Voucher à Vista	Antecipado	Não Conciliado	2,88	1	05.800.256/0036-27
Conciliado Automático	2025-01-03	Sodexo	ROLDÃO VILA EMA	1	52,17	1,5	0	50,13	Pago	Sodexo Gift Pass	2024-12-28	767364	Sodexo gift pass	Banco Santander	2271	13004406		2061684	Voucher à Vista	Antecipado	Não Conciliado	2,88	1	05.800.256/0036-27
